date,close,cycle_phase,cycle_confidence,transition_risk,composite_score,zigzag_structure,stc_value,zigzag_score,stc_score,trend_score,trend_price_vs_sma200_pct,trend_sma50_vs_sma200_pct,stc_direction,raw_phase,raw_transition_risk,candlestick_score,candlestick_patterns,harmonic_pattern,harmonic_score,gann_score,gann_active_cycle_days
2019-01-23,10831.5,EXPANSION,0.67,low,0.587,HIGHER_HIGHS_HIGHER_LOWS,95.35,1.0,0.791,-0.029,0.03,-0.61,RISING,EXPANSION,low,0.0,,,0.0,0.0,
2019-01-28,10661.5498046875,EXPANSION,0.33,medium,0.088,HIGHER_HIGHS_HIGHER_LOWS,37.27,1.0,-0.627,-0.108,-1.61,-0.56,FALLING,DISTRIBUTION,medium,-1.0,BEARISH_ENGULFING,,0.0,0.0,
2019-01-31,10830.9501953125,EXPANSION,0.33,high,0.004,HIGHER_HIGHS_HIGHER_LOWS,4.66,1.0,-0.953,-0.034,-0.09,-0.59,FALLING,DISTRIBUTION,high,0.5,"BEARISH_ENGULFING,DOJI",,0.0,0.0,
2019-02-05,10934.349609375,EXPANSION,0.67,low,0.246,HIGHER_HIGHS_HIGHER_LOWS,19.82,1.0,-0.278,0.017,0.81,-0.47,RISING,DISTRIBUTION,low,0.0,,,0.0,0.0,
2019-02-08,10943.599609375,EXPANSION,1.0,low,0.621,HIGHER_HIGHS_HIGHER_LOWS,84.04,1.0,0.84,0.024,0.82,-0.35,RISING,EXPANSION,low,-1.0,DOJI,,0.0,-0.6,45
2019-02-14,10746.0498046875,EXPANSION,0.67,low,0.603,HIGHER_HIGHS_HIGHER_LOWS,87.95,1.0,0.88,-0.072,-1.03,-0.41,RISING,EXPANSION,low,-1.0,DOJI,,0.0,-0.6,49
2019-02-19,10604.349609375,EXPANSION,0.33,medium,0.021,HIGHER_HIGHS_HIGHER_LOWS,20.25,1.0,-0.797,-0.14,-2.34,-0.46,FALLING,DISTRIBUTION,medium,0.0,,,0.0,0.0,
2019-02-22,10791.650390625,EXPANSION,0.67,high,-0.008,HIGHER_HIGHS_HIGHER_LOWS,2.53,1.0,-0.975,-0.049,-0.62,-0.36,FALLING,DISTRIBUTION,high,1.0,MORNING_STAR,,0.0,0.0,
2019-02-27,10806.650390625,EXPANSION,0.33,medium,0.162,HIGHER_HIGHS_HIGHER_LOWS,7.68,1.0,-0.472,-0.043,-0.5,-0.35,FALLING,DISTRIBUTION,medium,0.0,,,0.0,0.0,
2019-03-05,10987.4501953125,EXPANSION,1.0,low,0.584,HIGHER_HIGHS_HIGHER_LOWS,71.25,1.0,0.713,0.038,1.14,-0.39,RISING,EXPANSION,low,0.0,,,0.0,0.0,
2019-03-08,11035.400390625,EXPANSION,1.0,low,0.676,HIGHER_HIGHS_HIGHER_LOWS,96.41,1.0,0.964,0.063,1.55,-0.28,RISING,EXPANSION,low,-1.0,DOJI,,0.0,0.0,
2019-03-13,11341.7001953125,EXPANSION,1.0,low,0.661,HIGHER_HIGHS_HIGHER_LOWS,99.55,1.0,0.774,0.208,4.27,-0.11,RISING,EXPANSION,low,-1.0,DOJI,,0.0,0.0,
2019-03-18,11462.2001953125,EXPANSION,1.0,low,0.601,HIGHER_HIGHS_HIGHER_LOWS,99.94,1.0,0.534,0.268,5.24,0.11,RISING,EXPANSION,low,-1.0,DOJI,,0.0,0.0,
2019-03-22,11456.900390625,EXPANSION,1.0,low,0.593,HIGHER_HIGHS_HIGHER_LOWS,99.99,1.0,0.504,0.274,5.07,0.4,RISING,EXPANSION,low,-1.0,DOJI,,0.0,0.0,
2019-03-27,11445.0498046875,EXPANSION,1.0,low,0.592,HIGHER_HIGHS_HIGHER_LOWS,100.0,1.0,0.501,0.274,4.86,0.63,RISING,EXPANSION,low,0.0,,,0.0,0.0,
2019-04-02,11713.2001953125,EXPANSION,1.0,low,0.635,HIGHER_HIGHS_HIGHER_LOWS,100.0,1.0,0.5,0.405,7.16,0.93,RISING,EXPANSION,low,-1.0,DOJI,,0.0,-0.6,45
2019-04-05,11665.9501953125,EXPANSION,1.0,low,0.63,HIGHER_HIGHS_HIGHER_LOWS,100.0,1.0,0.5,0.39,6.6,1.21,RISING,EXPANSION,low,-1.0,"BEARISH_ENGULFING,DOJI",,0.0,-0.6,45
2019-04-10,11584.2998046875,EXPANSION,0.67,medium,0.288,HIGHER_HIGHS_HIGHER_LOWS,50.0,1.0,-0.5,0.363,5.74,1.51,FALLING,DISTRIBUTION,medium,-1.0,BEARISH_ENGULFING,,0.0,-0.6,49
2019-04-15,11690.349609375,EXPANSION,0.67,high,0.162,HIGHER_HIGHS_HIGHER_LOWS,6.25,1.0,-0.938,0.425,6.59,1.91,FALLING,DISTRIBUTION,high,-1.0,DOJI,,0.0,0.0,
2019-04-22,11594.4501953125,EXPANSION,0.67,medium,0.389,HIGHER_HIGHS_HIGHER_LOWS,25.78,1.0,-0.227,0.393,5.58,2.28,RISING,DISTRIBUTION,medium,0.0,,,0.0,0.0,
2019-04-25,11641.7998046875,EXPANSION,0.67,high,0.151,HIGHER_HIGHS_HIGHER_LOWS,3.22,1.0,-0.966,0.42,5.88,2.52,FALLING,DISTRIBUTION,high,0.0,,,0.0,0.0,
2019-05-02,11724.75,DISTRIBUTION,0.67,high,0.239,HIGHER_HIGHS_HIGHER_LOWS,0.4,1.0,-0.746,0.463,6.47,2.79,FALLING,DISTRIBUTION,high,-1.0,DOJI,,0.0,0.0,
2019-05-07,11497.900390625,DISTRIBUTION,0.67,medium,0.28,HIGHER_HIGHS_HIGHER_LOWS,0.05,1.0,-0.531,0.371,4.29,3.13,FALLING,DISTRIBUTION,medium,-1.0,DOJI,,0.0,0.0,
2019-05-10,11278.900390625,DISTRIBUTION,0.67,medium,0.26,HIGHER_HIGHS_HIGHER_LOWS,0.01,1.0,-0.504,0.283,2.24,3.42,FALLING,DISTRIBUTION,medium,0.0,,,0.0,0.0,
2019-05-15,11157.0,DISTRIBUTION,0.67,medium,0.245,HIGHER_HIGHS_HIGHER_LOWS,0.0,1.0,-0.5,0.235,1.11,3.58,FALLING,DISTRIBUTION,medium,0.0,,,0.0,0.0,
2019-05-20,11828.25,DISTRIBUTION,1.0,low,0.683,HIGHER_HIGHS_HIGHER_LOWS,50.0,1.0,0.5,0.55,7.12,3.88,RISING,EXPANSION,low,0.0,,,0.0,0.0,
2019-05-23,11657.0498046875,DISTRIBUTION,1.0,low,0.807,HIGHER_HIGHS_HIGHER_LOWS,93.75,1.0,0.938,0.483,5.47,4.19,RISING,EXPANSION,low,-1.0,"BEARISH_ENGULFING,DOJI",,0.0,0.0,
2019-05-28,11928.75,DISTRIBUTION,1.0,low,0.865,HIGHER_HIGHS_HIGHER_LOWS,99.22,1.0,0.977,0.617,7.82,4.52,RISING,EXPANSION,low,-1.0,"BEARISH_ENGULFING,DOJI",,0.0,0.0,
2019-05-31,11922.7998046875,DISTRIBUTION,1.0,low,0.727,HIGHER_HIGHS_HIGHER_LOWS,99.9,1.0,0.56,0.621,7.68,4.75,RISING,EXPANSION,low,0.0,,,0.0,0.0,
2019-06-06,11843.75,EXPANSION,1.0,low,0.691,HIGHER_HIGHS_HIGHER_LOWS,99.2,1.0,0.484,0.59,6.87,4.93,FALLING,EXPANSION,low,0.0,,,0.0,0.0,
2019-06-11,11965.599609375,EXPANSION,1.0,low,0.604,HIGHER_HIGHS_HIGHER_LOWS,88.75,1.0,0.163,0.65,7.89,5.12,FALLING,EXPANSION,low,-1.0,DOJI,,0.0,0.0,
2019-06-14,11823.2998046875,EXPANSION,0.67,high,0.255,HIGHER_HIGHS_HIGHER_LOWS,17.37,1.0,-0.826,0.59,6.54,5.26,FALLING,DISTRIBUTION,high,0.0,,,0.0,0.0,
2019-06-19,11691.4501953125,EXPANSION,0.67,high,0.183,HIGHER_HIGHS_HIGHER_LOWS,2.17,1.0,-0.978,0.527,5.32,5.23,FALLING,DISTRIBUTION,high,0.0,,,0.0,0.0,
2019-06-24,11699.650390625,EXPANSION,0.67,high,0.289,HIGHER_HIGHS_HIGHER_LOWS,0.27,1.0,-0.666,0.532,5.36,5.27,FALLING,DISTRIBUTION,high,1.0,BULLISH_ENGULFING,,0.0,0.0,
2019-06-27,11841.5498046875,EXPANSION,0.67,medium,0.359,HIGHER_HIGHS_HIGHER_LOWS,0.03,1.0,-0.521,0.599,6.62,5.36,FALLING,DISTRIBUTION,medium,1.0,BULLISH_ENGULFING,,0.0,-0.6,45
2019-07-02,11910.2998046875,DISTRIBUTION,0.67,medium,0.508,HIGHER_HIGHS_HIGHER_LOWS,13.2,1.0,-0.107,0.631,7.21,5.42,RISING,DISTRIBUTION,medium,0.0,,,0.0,-0.6,49
2019-07-05,11811.150390625,DISTRIBUTION,1.0,low,0.752,HIGHER_HIGHS_HIGHER_LOWS,66.92,1.0,0.669,0.588,6.27,5.5,RISING,EXPANSION,low,-1.0,BEARISH_ENGULFING,,0.0,-0.6,49
2019-07-10,11498.900390625,DISTRIBUTION,0.67,high,0.21,HIGHER_HIGHS_HIGHER_LOWS,18.62,1.0,-0.814,0.443,3.46,5.41,FALLING,DISTRIBUTION,high,-1.0,BEARISH_ENGULFING,,0.0,0.0,
2019-07-15,11588.349609375,DISTRIBUTION,0.67,high,0.169,HIGHER_HIGHS_HIGHER_LOWS,3.11,1.0,-0.969,0.477,4.23,5.3,FALLING,DISTRIBUTION,high,0.111,"BEARISH_ENGULFING,HAMMER",,0.0,0.6,45
2019-07-18,11596.900390625,DISTRIBUTION,0.67,high,0.258,HIGHER_HIGHS_HIGHER_LOWS,0.39,1.0,-0.707,0.48,4.26,5.33,FALLING,DISTRIBUTION,high,0.333,"BEARISH_ENGULFING,HAMMER",,0.0,0.6,45
2019-07-23,11331.0498046875,DISTRIBUTION,0.67,medium,0.276,HIGHER_HIGHS_HIGHER_LOWS,0.05,1.0,-0.53,0.359,1.83,5.36,FALLING,DISTRIBUTION,medium,0.0,,,0.0,0.6,49
2019-07-26,11284.2998046875,DISTRIBUTION,0.67,medium,0.277,HIGHER_HIGHS_HIGHER_LOWS,0.01,1.0,-0.504,0.336,1.37,5.35,FALLING,DISTRIBUTION,medium,0.0,,,0.0,0.0,
2019-07-31,11118.0,DISTRIBUTION,0.67,medium,0.248,HIGHER_HIGHS_HIGHER_LOWS,0.0,1.0,-0.5,0.243,-0.16,5.03,FALLING,DISTRIBUTION,medium,-1.0,BEARISH_ENGULFING,,0.0,0.0,
2019-08-05,10862.599609375,DISTRIBUTION,0.67,medium,0.199,HIGHER_HIGHS_HIGHER_LOWS,0.0,1.0,-0.5,0.098,-2.54,4.51,FALLING,DISTRIBUTION,medium,1.0,HAMMER,,0.0,0.0,
2019-08-08,11032.4501953125,DISTRIBUTION,0.67,medium,0.214,HIGHER_HIGHS_HIGHER_LOWS,0.0,1.0,-0.5,0.141,-1.09,3.91,FALLING,DISTRIBUTION,medium,1.0,"BULLISH_ENGULFING,HAMMER",,0.0,0.0,
2019-08-14,11029.400390625,DISTRIBUTION,1.0,low,0.494,HIGHER_HIGHS_HIGHER_LOWS,37.5,1.0,0.375,0.107,-1.18,3.32,RISING,EXPANSION,low,-1.0,BEARISH_ENGULFING,,0.0,0.0,
2019-08-20,11017.0,DISTRIBUTION,1.0,low,0.663,HIGHER_HIGHS_HIGHER_LOWS,92.19,1.0,0.922,0.067,-1.4,2.74,RISING,EXPANSION,low,-1.0,BEARISH_ENGULFING,,0.0,0.0,
2019-08-23,10829.349609375,DISTRIBUTION,0.33,medium,0.082,HIGHER_HIGHS_HIGHER_LOWS,30.27,1.0,-0.697,-0.056,-3.17,2.06,FALLING,DISTRIBUTION,medium,0.0,,,0.0,0.0,
2019-08-28,11046.099609375,DISTRIBUTION,1.0,low,0.276,EXPANDING_RANGE_VOLATILE,91.28,0.0,0.817,0.011,-1.34,1.55,RISING,EXPANSION,low,1.0,HAMMER,SHARK,0.8,0.0,
2019-09-03,10797.900390625,DISTRIBUTION,0.67,medium,0.276,EXPANDING_RANGE_VOLATILE,95.73,0.0,0.957,-0.128,-3.61,1.06,RISING,ACCUMULATION,medium,0.0,,SHARK,0.8,0.0,
2019-09-06,10946.2001953125,DISTRIBUTION,0.67,low,0.042,EXPANDING_RANGE_VOLATILE,87.56,0.0,0.214,-0.089,-2.33,0.56,FALLING,ACCUMULATION,low,0.0,,SHARK,0.8,0.0,
2019-09-12,10982.7998046875,DISTRIBUTION,0.67,low,0.171,EXPANDING_RANGE_VOLATILE,98.05,0.0,0.613,-0.1,-2.06,0.06,RISING,ACCUMULATION,low,-1.0,BEARISH_ENGULFING,SHARK,0.8,0.0,
2019-09-17,10817.599609375,DISTRIBUTION,0.67,low,0.068,EXPANDING_RANGE_VOLATILE,91.66,0.0,0.406,-0.203,-3.57,-0.48,FALLING,ACCUMULATION,low,-1.0,BEARISH_ENGULFING,SHARK,0.8,0.0,
2019-09-20,11274.2001953125,DISTRIBUTION,0.67,low,-0.169,CONTRACTING_RANGE,51.8,0.0,-0.482,-0.026,0.45,-0.97,FALLING,CONTRACTION,low,0.0,,,0.0,0.0,
2019-09-25,11440.2001953125,DISTRIBUTION,1.0,low,0.18,CONTRACTING_RANGE,87.08,0.0,0.505,0.036,1.81,-1.09,RISING,EXPANSION,low,-1.0,DOJI,,0.0,0.0,
2019-09-30,11474.4501953125,DISTRIBUTION,1.0,low,0.342,CONTRACTING_RANGE,98.38,0.0,0.984,0.041,2.03,-1.22,RISING,EXPANSION,low,-1.0,DOJI,,0.0,0.0,
2019-10-04,11174.75,DISTRIBUTION,0.67,low,0.452,HIGHER_HIGHS_HIGHER_LOWS,94.44,1.0,0.463,-0.107,-0.71,-1.44,RISING,EXPANSION,low,-1.0,DOJI,,0.0,0.0,
2019-10-10,11234.5498046875,DISTRIBUTION,0.33,medium,0.016,HIGHER_HIGHS_HIGHER_LOWS,14.0,1.0,-0.86,-0.092,-0.26,-1.57,FALLING,DISTRIBUTION,medium,-1.0,DOJI,,0.0,0.0,
2019-10-15,11428.2998046875,DISTRIBUTION,0.67,low,0.514,HIGHER_HIGHS_HIGHER_LOWS,71.09,1.0,0.552,-0.01,1.38,-1.59,RISING,EXPANSION,low,1.0,DOJI,,0.0,0.0,
2019-10-18,11661.849609375,DISTRIBUTION,1.0,low,0.683,HIGHER_HIGHS_HIGHER_LOWS,95.13,1.0,0.951,0.098,3.36,-1.4,RISING,EXPANSION,low,1.0,DOJI,,0.0,0.0,
2019-10-24,11582.599609375,DISTRIBUTION,1.0,low,0.632,HIGHER_HIGHS_HIGHER_LOWS,99.39,1.0,0.825,0.07,2.55,-1.16,RISING,EXPANSION,low,-1.0,"BEARISH_ENGULFING,DOJI",,0.0,0.0,
2019-10-30,11844.099609375,DISTRIBUTION,1.0,low,0.579,HIGHER_HIGHS_HIGHER_LOWS,99.92,1.0,0.546,0.192,4.74,-0.89,RISING,EXPANSION,low,-1.0,"BEARISH_ENGULFING,DOJI",,0.0,0.0,
2019-11-04,11941.2998046875,EXPANSION,1.0,low,0.583,HIGHER_HIGHS_HIGHER_LOWS,99.99,1.0,0.506,0.244,5.44,-0.56,RISING,EXPANSION,low,-1.0,DOJI,,0.0,0.0,
2019-11-07,12012.0498046875,EXPANSION,1.0,low,0.595,HIGHER_HIGHS_HIGHER_LOWS,100.0,1.0,0.501,0.285,5.89,-0.2,RISING,EXPANSION,low,-1.0,"BEARISH_ENGULFING,DOJI",,0.0,0.0,
2019-11-13,11840.4501953125,EXPANSION,0.67,medium,0.24,HIGHER_HIGHS_HIGHER_LOWS,50.0,1.0,-0.5,0.221,4.24,0.19,FALLING,DISTRIBUTION,medium,0.0,,,0.0,0.0,
2019-11-18,11884.5,EXPANSION,0.67,high,0.104,HIGHER_HIGHS_HIGHER_LOWS,6.25,1.0,-0.938,0.249,4.48,0.5,FALLING,DISTRIBUTION,high,0.0,,,0.0,0.0,
2019-11-21,11968.400390625,EXPANSION,1.0,low,0.603,HIGHER_HIGHS_HIGHER_LOWS,50.78,1.0,0.508,0.3,5.07,0.93,RISING,EXPANSION,low,0.0,,,0.0,-0.6,45
2019-11-26,12037.7001953125,EXPANSION,1.0,low,0.64,HIGHER_HIGHS_HIGHER_LOWS,57.57,1.0,0.576,0.343,5.52,1.35,RISING,EXPANSION,low,0.0,,,0.0,-0.6,45
2019-11-29,12056.0498046875,EXPANSION,1.0,low,0.751,HIGHER_HIGHS_HIGHER_LOWS,89.31,1.0,0.893,0.36,5.49,1.72,RISING,EXPANSION,low,0.0,,,0.0,-0.6,49
2019-12-04,12043.2001953125,EXPANSION,0.67,high,0.187,HIGHER_HIGHS_HIGHER_LOWS,19.39,1.0,-0.806,0.368,5.2,2.16,FALLING,DISTRIBUTION,high,0.0,,,0.0,0.0,
2019-12-09,11937.5,EXPANSION,0.67,high,0.118,HIGHER_HIGHS_HIGHER_LOWS,2.42,1.0,-0.976,0.329,4.15,2.42,FALLING,DISTRIBUTION,high,1.0,DOJI,,0.0,0.0,
2019-12-12,11971.7998046875,EXPANSION,0.67,high,0.219,HIGHER_HIGHS_HIGHER_LOWS,0.3,1.0,-0.685,0.341,4.32,2.5,FALLING,DISTRIBUTION,high,1.0,DOJI,,0.0,0.0,
2019-12-17,12165.0,EXPANSION,0.67,medium,0.338,HIGHER_HIGHS_HIGHER_LOWS,3.79,1.0,-0.411,0.424,5.81,2.66,RISING,DISTRIBUTION,medium,0.0,,,0.0,0.0,
2019-12-20,12271.7998046875,EXPANSION,1.0,low,0.764,HIGHER_HIGHS_HIGHER_LOWS,81.59,1.0,0.816,0.476,6.52,2.99,RISING,EXPANSION,low,0.0,,,0.0,0.0,
2019-12-26,12126.5498046875,EXPANSION,1.0,low,0.791,HIGHER_HIGHS_HIGHER_LOWS,95.38,1.0,0.954,0.418,5.07,3.28,RISING,EXPANSION,low,-1.0,BEARISH_ENGULFING,,0.0,0.0,
2019-12-31,12168.4501953125,EXPANSION,1.0,low,0.617,HIGHER_HIGHS_HIGHER_LOWS,90.96,1.0,0.413,0.438,5.24,3.51,RISING,EXPANSION,low,-1.0,BEARISH_ENGULFING,,0.0,0.0,
2020-01-03,12226.650390625,EXPANSION,0.67,high,0.218,HIGHER_HIGHS_HIGHER_LOWS,19.33,1.0,-0.807,0.462,5.57,3.67,FALLING,DISTRIBUTION,high,0.0,,,0.0,0.0,
2020-01-08,12025.349609375,EXPANSION,0.67,high,0.133,HIGHER_HIGHS_HIGHER_LOWS,2.42,1.0,-0.976,0.374,3.71,3.76,FALLING,DISTRIBUTION,high,0.0,,,0.0,-0.6,90
2020-01-13,12329.5498046875,EXPANSION,0.67,medium,0.316,HIGHER_HIGHS_HIGHER_LOWS,4.61,1.0,-0.555,0.503,6.2,3.86,FALLING,DISTRIBUTION,medium,0.0,,,0.0,0.0,
2020-01-16,12355.5,EXPANSION,1.0,low,0.749,HIGHER_HIGHS_HIGHER_LOWS,73.3,1.0,0.733,0.514,6.31,3.97,RISING,EXPANSION,low,-1.0,DOJI,,0.0,0.0,
2020-01-21,12169.849609375,EXPANSION,1.0,low,0.739,HIGHER_HIGHS_HIGHER_LOWS,78.48,1.0,0.785,0.431,4.6,4.01,RISING,EXPANSION,low,-1.0,"BEARISH_ENGULFING,DOJI",,0.0,0.0,
2020-01-24,12248.25,EXPANSION,0.67,high,0.211,HIGHER_HIGHS_HIGHER_LOWS,17.09,1.0,-0.829,0.463,5.18,4.07,FALLING,DISTRIBUTION,high,-1.0,BEARISH_ENGULFING,,0.0,0.0,
2020-01-29,12129.5,EXPANSION,0.67,high,0.144,HIGHER_HIGHS_HIGHER_LOWS,2.14,1.0,-0.979,0.411,4.11,4.12,FALLING,DISTRIBUTION,high,0.0,,,0.0,0.0,
2020-02-03,11707.900390625,EXPANSION,0.67,medium,0.187,HIGHER_HIGHS_HIGHER_LOWS,0.27,1.0,-0.663,0.225,0.45,4.05,FALLING,DISTRIBUTION,medium,-1.0,BEARISH_ENGULFING,,0.0,0.0,
2020-02-06,12137.9501953125,EXPANSION,0.67,medium,0.308,HIGHER_HIGHS_HIGHER_LOWS,1.42,1.0,-0.479,0.403,4.08,3.99,RISING,DISTRIBUTION,medium,0.0,,,0.0,0.0,
2020-02-11,12107.900390625,DISTRIBUTION,0.67,medium,0.303,HIGHER_HIGHS_HIGHER_LOWS,0.89,1.0,-0.476,0.385,3.77,3.94,RISING,DISTRIBUTION,medium,-1.0,BEARISH_ENGULFING,,0.0,0.0,
2020-02-14,12113.4501953125,DISTRIBUTION,1.0,low,0.754,HIGHER_HIGHS_HIGHER_LOWS,87.61,1.0,0.876,0.385,3.75,3.94,RISING,EXPANSION,low,0.0,,,0.0,0.0,
2020-02-19,12125.900390625,DISTRIBUTION,0.67,medium,0.298,HIGHER_HIGHS_HIGHER_LOWS,33.78,1.0,-0.495,0.389,3.81,3.97,FALLING,DISTRIBUTION,medium,0.0,,,0.0,0.0,
2020-02-25,11797.900390625,DISTRIBUTION,0.67,high,0.108,HIGHER_HIGHS_HIGHER_LOWS,8.02,1.0,-0.92,0.244,0.98,3.9,FALLING,DISTRIBUTION,high,0.0,,,0.0,0.0,
2020-02-28,11201.75,DISTRIBUTION,0.67,low,-0.313,CONTRACTING_RANGE,1.0,0.0,-0.911,-0.028,-4.12,3.57,FALLING,CONTRACTION,low,1.0,HAMMER,,0.0,0.0,
2020-03-04,11251.0,DISTRIBUTION,0.67,low,-0.203,CONTRACTING_RANGE,0.13,0.0,-0.576,-0.033,-3.7,3.04,FALLING,CONTRACTION,low,1.0,HAMMER,,0.0,0.0,
2020-03-09,10451.4501953125,DISTRIBUTION,0.67,low,-0.305,CONTRACTING_RANGE,0.02,0.0,-0.51,-0.405,-10.51,2.42,FALLING,CONTRACTION,low,0.0,,,0.0,0.0,
2020-03-13,9955.2001953125,DISTRIBUTION,0.67,low,-0.385,CONTRACTING_RANGE,0.0,0.0,-0.501,-0.654,-14.58,1.5,FALLING,CONTRACTION,low,0.0,,,0.0,0.0,
2020-03-18,8468.7998046875,CONTRACTION,1.0,low,-0.833,LOWER_HIGHS_LOWER_LOWS,0.0,-1.0,-0.5,-1.0,-27.06,0.18,FALLING,CONTRACTION,low,0.0,,,0.0,0.0,
2020-03-23,7610.25,CONTRACTION,1.0,low,-0.833,LOWER_HIGHS_LOWER_LOWS,0.0,-1.0,-0.5,-1.0,-34.14,-1.36,FALLING,CONTRACTION,low,0.0,,,0.0,0.0,
2020-03-26,8641.4501953125,CONTRACTION,1.0,low,-0.833,LOWER_HIGHS_LOWER_LOWS,0.0,-1.0,-0.5,-1.0,-24.85,-3.0,FALLING,CONTRACTION,low,1.0,"BULLISH_ENGULFING,DOJI",,0.0,0.0,
2020-03-31,8597.75,CONTRACTION,0.67,low,-0.167,HIGHER_HIGHS_HIGHER_LOWS,0.0,1.0,-0.5,-1.0,-24.9,-4.58,FALLING,DISTRIBUTION,low,1.0,BULLISH_ENGULFING,,0.0,0.0,
2020-04-07,8792.2001953125,CONTRACTION,0.67,high,-0.5,LOWER_HIGHS_LOWER_LOWS,50.0,-1.0,0.5,-1.0,-22.84,-6.13,RISING,ACCUMULATION,high,0.0,,,0.0,0.0,
2020-04-13,8993.849609375,CONTRACTION,0.67,high,-0.354,LOWER_HIGHS_LOWER_LOWS,93.75,-1.0,0.938,-1.0,-20.78,-7.48,RISING,ACCUMULATION,high,0.0,,,0.0,0.0,
2020-04-17,9266.75,CONTRACTION,0.67,low,0.326,HIGHER_HIGHS_HIGHER_LOWS,99.22,1.0,0.977,-1.0,-18.08,-8.75,RISING,EXPANSION,low,0.0,,,0.0,0.0,
2020-04-22,9187.2998046875,CONTRACTION,0.67,low,0.187,HIGHER_HIGHS_HIGHER_LOWS,99.9,1.0,0.56,-1.0,-18.5,-9.9,RISING,EXPANSION,low,0.0,,,0.0,0.0,
2020-04-27,9282.2998046875,CONTRACTION,0.67,low,0.169,HIGHER_HIGHS_HIGHER_LOWS,99.99,1.0,0.507,-1.0,-17.38,-11.11,RISING,EXPANSION,low,-1.0,DOJI,,0.0,0.0,
2020-04-30,9859.900390625,CONTRACTION,0.67,low,0.167,HIGHER_HIGHS_HIGHER_LOWS,100.0,1.0,0.501,-1.0,-11.97,-12.19,RISING,EXPANSION,low,-1.0,DOJI,,0.0,0.0,
2020-05-06,9270.900390625,EXPANSION,0.67,low,0.167,HIGHER_HIGHS_HIGHER_LOWS,100.0,1.0,0.5,-1.0,-16.95,-13.42,RISING,EXPANSION,low,0.0,,,0.0,0.0,
2020-05-11,9239.2001953125,EXPANSION,0.67,low,0.167,HIGHER_HIGHS_HIGHER_LOWS,100.0,1.0,0.5,-1.0,-16.97,-14.68,RISING,EXPANSION,low,0.0,,,0.0,0.0,
2020-05-14,9142.75,EXPANSION,0.33,medium,-0.167,CONTRACTING_RANGE,100.0,0.0,0.5,-1.0,-17.58,-15.78,RISING,ACCUMULATION,medium,0.0,,,0.0,0.0,
2020-05-19,8879.099609375,EXPANSION,0.67,low,-0.583,CONTRACTING_RANGE,25.0,0.0,-0.75,-1.0,-19.67,-16.77,FALLING,CONTRACTION,low,0.0,,,0.0,0.0,
2020-05-22,9039.25,EXPANSION,1.0,low,-0.76,LOWER_HIGHS_LOWER_LOWS,71.88,-1.0,-0.281,-1.0,-17.97,-17.71,FALLING,CONTRACTION,low,0.0,,,0.0,0.0,
2020-05-28,9490.099609375,EXPANSION,0.67,high,-0.353,LOWER_HIGHS_LOWER_LOWS,94.14,-1.0,0.941,-1.0,-13.65,-18.23,RISING,ACCUMULATION,high,0.0,,,0.0,0.0,
2020-06-02,9979.099609375,EXPANSION,0.67,high,-0.394,LOWER_HIGHS_LOWER_LOWS,99.17,-1.0,0.819,-1.0,-9.04,-17.97,RISING,ACCUMULATION,high,0.0,,,0.0,0.0,
2020-06-05,10142.150390625,EXPANSION,0.67,high,-0.479,LOWER_HIGHS_LOWER_LOWS,99.9,-1.0,0.563,-1.0,-7.45,-17.05,RISING,ACCUMULATION,high,0.0,,,0.0,0.0,
2020-06-10,10116.150390625,EXPANSION,0.67,high,-0.497,LOWER_HIGHS_LOWER_LOWS,99.99,-1.0,0.508,-1.0,-7.57,-15.82,RISING,ACCUMULATION,high,0.0,,,0.0,0.0,
2020-06-15,9813.7001953125,EXPANSION,0.67,low,0.167,HIGHER_HIGHS_HIGHER_LOWS,100.0,1.0,0.501,-1.0,-10.2,-14.95,RISING,EXPANSION,low,0.0,,,0.0,0.0,
2020-06-18,10091.650390625,EXPANSION,0.67,low,0.167,HIGHER_HIGHS_HIGHER_LOWS,100.0,1.0,0.5,-1.0,-7.52,-13.96,RISING,EXPANSION,low,1.0,DOJI,,0.0,0.0,
2020-06-23,10471.0,EXPANSION,0.67,low,0.219,HIGHER_HIGHS_HIGHER_LOWS,100.0,1.0,0.5,-0.844,-3.98,-12.9,RISING,EXPANSION,low,1.0,DOJI,,0.0,0.0,
2020-06-26,10383.0,EXPANSION,0.67,low,0.22,HIGHER_HIGHS_HIGHER_LOWS,100.0,1.0,0.5,-0.839,-4.69,-12.09,RISING,EXPANSION,low,-1.0,"BEARISH_ENGULFING,DOJI",,0.0,0.0,
2020-07-01,10430.0498046875,EXPANSION,0.67,low,0.241,HIGHER_HIGHS_HIGHER_LOWS,100.0,1.0,0.5,-0.778,-4.19,-11.38,RISING,EXPANSION,low,-1.0,"BEARISH_ENGULFING,DOJI",,0.0,0.0,
2020-07-06,10763.650390625,EXPANSION,0.67,low,0.306,HIGHER_HIGHS_HIGHER_LOWS,100.0,1.0,0.5,-0.581,-1.08,-10.53,RISING,EXPANSION,low,-1.0,BEARISH_ENGULFING,,0.0,0.0,
2020-07-09,10813.4501953125,EXPANSION,0.67,low,0.329,HIGHER_HIGHS_HIGHER_LOWS,100.0,1.0,0.5,-0.513,-0.59,-9.67,RISING,EXPANSION,low,-1.0,DOJI,,0.0,0.0,
2020-07-14,10607.349609375,EXPANSION,0.67,low,-0.025,HIGHER_HIGHS_HIGHER_LOWS,50.0,1.0,-0.5,-0.574,-2.46,-9.01,FALLING,DISTRIBUTION,low,-1.0,DOJI,,0.0,0.0,
2020-07-17,10901.7001953125,EXPANSION,0.67,medium,-0.026,HIGHER_HIGHS_HIGHER_LOWS,31.25,1.0,-0.688,-0.39,0.3,-8.11,FALLING,DISTRIBUTION,medium,0.0,,,0.0,0.0,
2020-07-22,11132.599609375,EXPANSION,0.67,low,0.531,HIGHER_HIGHS_HIGHER_LOWS,82.03,1.0,0.82,-0.227,2.49,-7.02,RISING,EXPANSION,low,0.0,,,0.0,0.0,
2020-07-27,11131.7998046875,EXPANSION,0.67,low,0.6,HIGHER_HIGHS_HIGHER_LOWS,96.97,1.0,0.97,-0.169,2.52,-5.9,RISING,EXPANSION,low,-1.0,BEARISH_ENGULFING,,0.0,-0.6,45
2020-07-30,11102.150390625,EXPANSION,0.33,medium,0.139,HIGHER_HIGHS_HIGHER_LOWS,53.81,1.0,-0.462,-0.12,2.25,-4.64,FALLING,DISTRIBUTION,medium,-1.0,BEARISH_ENGULFING,,0.0,-0.6,45
2020-08-04,11095.25,EXPANSION,0.33,high,0.001,HIGHER_HIGHS_HIGHER_LOWS,6.73,1.0,-0.933,-0.065,2.22,-3.52,FALLING,DISTRIBUTION,high,0.0,,,0.0,0.0,
2020-08-07,11214.0498046875,EXPANSION,0.67,high,0.016,HIGHER_HIGHS_HIGHER_LOWS,0.84,1.0,-0.992,0.04,3.35,-2.55,FALLING,DISTRIBUTION,high,0.0,,,0.0,0.0,
2020-08-12,11308.400390625,EXPANSION,0.67,medium,0.192,HIGHER_HIGHS_HIGHER_LOWS,0.65,1.0,-0.548,0.125,4.26,-1.76,FALLING,DISTRIBUTION,medium,0.0,,,0.0,0.0,
2020-08-17,11247.099609375,DISTRIBUTION,0.67,medium,0.209,HIGHER_HIGHS_HIGHER_LOWS,0.08,1.0,-0.506,0.133,3.75,-1.09,FALLING,DISTRIBUTION,medium,-1.0,DOJI,,0.0,0.0,
2020-08-20,11312.2001953125,DISTRIBUTION,0.67,low,0.397,HIGHER_HIGHS_HIGHER_LOWS,16.39,1.0,-0.015,0.207,4.42,-0.28,RISING,DISTRIBUTION,low,-1.0,DOJI,,0.0,0.0,
2020-08-25,11472.25,DISTRIBUTION,1.0,low,0.547,HIGHER_HIGHS_HIGHER_LOWS,31.13,1.0,0.311,0.33,5.96,0.64,RISING,EXPANSION,low,-1.0,DOJI,,0.0,0.0,
2020-08-28,11647.599609375,DISTRIBUTION,1.0,low,0.791,HIGHER_HIGHS_HIGHER_LOWS,91.39,1.0,0.914,0.459,7.64,1.53,RISING,EXPANSION,low,0.0,,,0.0,0.0,
2020-09-02,11535.0,DISTRIBUTION,0.67,high,0.245,HIGHER_HIGHS_HIGHER_LOWS,29.19,1.0,-0.708,0.443,6.66,2.2,FALLING,DISTRIBUTION,high,-1.0,BEARISH_ENGULFING,,0.0,0.0,
2020-09-07,11355.0498046875,DISTRIBUTION,0.67,high,0.147,HIGHER_HIGHS_HIGHER_LOWS,4.27,1.0,-0.957,0.397,5.07,2.87,FALLING,DISTRIBUTION,high,1.0,DOJI,,0.0,0.0,
2020-09-10,11449.25,DISTRIBUTION,0.67,high,0.217,HIGHER_HIGHS_HIGHER_LOWS,0.53,1.0,-0.825,0.475,6.03,3.47,FALLING,DISTRIBUTION,high,1.0,DOJI,,0.0,0.0,
2020-09-15,11521.7998046875,DISTRIBUTION,0.67,medium,0.332,HIGHER_HIGHS_HIGHER_LOWS,0.07,1.0,-0.541,0.538,6.79,3.97,FALLING,DISTRIBUTION,medium,-1.0,BEARISH_ENGULFING,,0.0,0.0,
2020-09-18,11504.9501953125,DISTRIBUTION,0.67,medium,0.446,HIGHER_HIGHS_HIGHER_LOWS,9.42,1.0,-0.223,0.56,6.72,4.48,RISING,DISTRIBUTION,medium,-1.0,BEARISH_ENGULFING,,0.0,0.0,
2020-09-23,11131.849609375,DISTRIBUTION,0.67,medium,0.296,HIGHER_HIGHS_HIGHER_LOWS,3.06,1.0,-0.524,0.413,3.38,4.89,FALLING,DISTRIBUTION,medium,0.0,,,0.0,0.0,
2020-09-28,11227.5498046875,DISTRIBUTION,0.33,medium,-0.066,EXPANDING_RANGE_VOLATILE,0.38,0.0,-0.672,0.474,4.39,5.09,FALLING,DISTRIBUTION,medium,0.0,,,0.0,0.0,
2020-10-01,11416.9501953125,DISTRIBUTION,1.0,low,0.359,EXPANDING_RANGE_VOLATILE,50.05,0.0,0.5,0.576,6.26,5.26,RISING,EXPANSION,low,1.0,DOJI,,0.0,0.0,
2020-10-07,11738.849609375,DISTRIBUTION,1.0,low,0.561,EXPANDING_RANGE_VOLATILE,93.76,0.0,0.938,0.745,9.33,5.58,RISING,EXPANSION,low,1.0,DOJI,,0.0,0.0,
2020-10-12,11930.9501953125,DISTRIBUTION,1.0,low,0.613,EXPANDING_RANGE_VOLATILE,99.22,0.0,0.976,0.862,11.18,6.06,RISING,EXPANSION,low,-1.0,DOJI,,0.0,0.0,
2020-10-15,11680.349609375,DISTRIBUTION,1.0,low,0.442,EXPANDING_RANGE_VOLATILE,99.71,0.0,0.554,0.773,8.89,6.58,RISING,EXPANSION,low,-0.333,"BEARISH_ENGULFING,BULLISH_ENGULFING,DOJI",,0.0,0.0,
2020-10-20,11896.7998046875,EXPANSION,1.0,low,0.467,EXPANDING_RANGE_VOLATILE,99.9,0.0,0.505,0.897,10.97,6.97,RISING,EXPANSION,low,0.0,"BEARISH_ENGULFING,BULLISH_ENGULFING,DOJI",,0.0,0.0,
2020-10-23,11930.349609375,EXPANSION,1.0,low,0.48,EXPANDING_RANGE_VOLATILE,99.99,0.0,0.507,0.934,11.32,7.35,RISING,EXPANSION,low,-0.333,"BULLISH_ENGULFING,DOJI",,0.0,0.0,
2020-10-28,11729.599609375,EXPANSION,0.33,medium,-0.005,EXPANDING_RANGE_VOLATILE,12.5,0.0,-0.875,0.859,9.49,7.69,FALLING,DISTRIBUTION,medium,-1.0,BEARISH_ENGULFING,,0.0,0.0,
2020-11-02,11669.150390625,EXPANSION,0.33,high,-0.045,EXPANDING_RANGE_VOLATILE,1.56,0.0,-0.984,0.849,9.03,7.96,FALLING,DISTRIBUTION,high,-1.0,BEARISH_ENGULFING,,0.0,0.0,
2020-11-05,12120.2998046875,EXPANSION,0.67,high,0.518,HIGHER_HIGHS_HIGHER_LOWS,5.93,1.0,-0.447,1.0,13.31,8.27,FALLING,DISTRIBUTION,high,0.0,,,0.0,0.0,
2020-11-10,12631.099609375,EXPANSION,1.0,low,0.927,HIGHER_HIGHS_HIGHER_LOWS,78.15,1.0,0.782,1.0,18.03,8.75,RISING,EXPANSION,low,0.0,,,0.0,0.0,
2020-11-13,12719.9501953125,EXPANSION,1.0,low,0.991,HIGHER_HIGHS_HIGHER_LOWS,97.27,1.0,0.973,1.0,18.77,9.34,RISING,EXPANSION,low,0.111,"BULLISH_ENGULFING,DOJI",,0.0,0.0,
2020-11-19,12771.7001953125,EXPANSION,1.0,low,0.903,HIGHER_HIGHS_HIGHER_LOWS,99.66,1.0,0.708,1.0,19.13,10.07,RISING,EXPANSION,low,0.714,"BULLISH_ENGULFING,DOJI",,0.0,0.0,
2020-11-24,13055.150390625,EXPANSION,1.0,low,0.842,HIGHER_HIGHS_HIGHER_LOWS,99.96,1.0,0.526,1.0,21.59,10.78,RISING,EXPANSION,low,1.0,BULLISH_ENGULFING,,0.0,0.0,
2020-11-27,12968.9501953125,EXPANSION,1.0,low,0.834,HIGHER_HIGHS_HIGHER_LOWS,99.99,1.0,0.503,1.0,20.65,11.44,RISING,EXPANSION,low,-1.0,BEARISH_ENGULFING,,0.0,0.0,
2020-12-03,13133.900390625,EXPANSION,1.0,low,0.833,HIGHER_HIGHS_HIGHER_LOWS,100.0,1.0,0.5,1.0,22.01,12.23,RISING,EXPANSION,low,-1.0,DOJI,,0.0,0.0,
2020-12-08,13392.9501953125,EXPANSION,1.0,low,0.833,HIGHER_HIGHS_HIGHER_LOWS,100.0,1.0,0.5,1.0,24.2,13.32,RISING,EXPANSION,low,-1.0,DOJI,,0.0,0.0,
2020-12-11,13513.849609375,EXPANSION,1.0,low,0.833,HIGHER_HIGHS_HIGHER_LOWS,100.0,1.0,0.5,1.0,25.07,14.39,RISING,EXPANSION,low,-1.0,DOJI,,0.0,-0.6,45
2020-12-16,13682.7001953125,EXPANSION,1.0,low,0.833,HIGHER_HIGHS_HIGHER_LOWS,100.0,1.0,0.5,1.0,26.32,15.33,RISING,EXPANSION,low,-1.0,DOJI,,0.0,-0.6,45
2020-12-21,13328.400390625,EXPANSION,0.67,high,0.5,HIGHER_HIGHS_HIGHER_LOWS,50.0,1.0,-0.5,1.0,22.66,15.99,FALLING,DISTRIBUTION,high,-1.0,DOJI,,0.0,-0.6,49
2020-12-24,13749.25,EXPANSION,0.67,high,0.354,HIGHER_HIGHS_HIGHER_LOWS,6.25,1.0,-0.938,1.0,26.12,16.55,FALLING,DISTRIBUTION,high,-1.0,DOJI,,0.0,0.0,
2020-12-30,13981.9501953125,EXPANSION,0.67,high,0.512,HIGHER_HIGHS_HIGHER_LOWS,17.89,1.0,-0.463,1.0,27.68,17.18,FALLING,DISTRIBUTION,high,-1.0,DOJI,,0.0,0.0,
2021-01-04,14132.900390625,EXPANSION,1.0,low,0.9,HIGHER_HIGHS_HIGHER_LOWS,70.05,1.0,0.7,1.0,28.27,17.64,RISING,EXPANSION,low,-1.0,DOJI,,0.0,0.0,
2021-01-07,14137.349609375,EXPANSION,1.0,low,0.988,HIGHER_HIGHS_HIGHER_LOWS,96.26,1.0,0.963,1.0,27.34,17.99,RISING,EXPANSION,low,0.0,,,0.0,0.0,
2021-01-12,14563.4501953125,EXPANSION,1.0,low,0.928,HIGHER_HIGHS_HIGHER_LOWS,99.53,1.0,0.785,1.0,30.05,18.42,RISING,EXPANSION,low,-1.0,DOJI,,0.0,0.0,
2021-01-15,14433.7001953125,EXPANSION,1.0,low,0.743,HIGHER_HIGHS_HIGHER_LOWS,89.73,1.0,0.229,1.0,27.87,18.98,FALLING,EXPANSION,low,-1.0,DOJI,,0.0,0.0,
2021-01-20,14644.7001953125,EXPANSION,0.67,high,0.371,HIGHER_HIGHS_HIGHER_LOWS,11.22,1.0,-0.888,1.0,28.7,19.28,FALLING,DISTRIBUTION,high,0.0,,,0.0,0.0,
2021-01-25,14238.900390625,EXPANSION,0.67,high,0.338,HIGHER_HIGHS_HIGHER_LOWS,1.4,1.0,-0.986,1.0,24.17,19.3,FALLING,DISTRIBUTION,high,0.0,,,0.0,0.0,
2021-01-29,13634.599609375,EXPANSION,0.67,high,0.464,HIGHER_HIGHS_HIGHER_LOWS,0.18,1.0,-0.607,1.0,18.16,19.1,FALLING,DISTRIBUTION,high,-0.111,"BEARISH_ENGULFING,DOJI",,0.0,0.0,
2021-02-03,14789.9501953125,EXPANSION,0.67,medium,0.552,HIGHER_HIGHS_HIGHER_LOWS,5.69,1.0,-0.343,1.0,27.28,19.16,RISING,DISTRIBUTION,medium,-0.333,"BEARISH_ENGULFING,DOJI",,0.0,0.0,
2021-02-08,15115.7998046875,EXPANSION,1.0,low,0.908,HIGHER_HIGHS_HIGHER_LOWS,72.36,1.0,0.724,1.0,29.11,19.31,RISING,EXPANSION,low,0.0,,,0.0,0.0,
2021-02-11,15173.2998046875,EXPANSION,1.0,low,0.988,HIGHER_HIGHS_HIGHER_LOWS,96.55,1.0,0.965,1.0,28.64,19.49,RISING,EXPANSION,low,0.111,"BULLISH_ENGULFING,DOJI",,0.0,0.0,
2021-02-16,15313.4501953125,EXPANSION,1.0,low,0.921,HIGHER_HIGHS_HIGHER_LOWS,99.57,1.0,0.763,1.0,28.89,19.69,RISING,EXPANSION,low,0.333,"BULLISH_ENGULFING,DOJI",,0.0,0.0,
2021-02-19,14981.75,EXPANSION,1.0,low,0.71,HIGHER_HIGHS_HIGHER_LOWS,86.47,1.0,0.129,1.0,25.17,19.65,FALLING,EXPANSION,low,0.0,,,0.0,0.0,
2021-02-24,14982.0,EXPANSION,0.67,high,0.369,HIGHER_HIGHS_HIGHER_LOWS,10.81,1.0,-0.892,1.0,24.31,19.46,FALLING,DISTRIBUTION,high,0.0,,,0.0,0.0,
2021-03-01,14761.5498046875,EXPANSION,0.67,high,0.005,CONTRACTING_RANGE,1.35,0.0,-0.986,1.0,21.64,19.19,FALLING,DISTRIBUTION,high,0.0,,,0.0,0.0,
2021-03-04,15080.75,EXPANSION,0.67,low,-0.197,LOWER_HIGHS_LOWER_LOWS,0.58,-1.0,-0.591,1.0,23.33,19.06,FALLING,DISTRIBUTION,low,0.0,,,0.0,0.0,
2021-03-09,15098.400390625,EXPANSION,0.67,low,-0.17,LOWER_HIGHS_LOWER_LOWS,0.07,-1.0,-0.511,1.0,22.58,18.81,FALLING,DISTRIBUTION,low,0.0,,,0.0,0.0,
2021-03-15,14929.5,DISTRIBUTION,0.67,low,-0.169,LOWER_HIGHS_LOWER_LOWS,0.01,-1.0,-0.506,1.0,20.39,18.53,FALLING,DISTRIBUTION,low,0.0,,,0.0,0.0,
2021-03-18,14557.849609375,DISTRIBUTION,0.67,medium,0.166,EXPANDING_RANGE_VOLATILE,0.0,0.0,-0.501,1.0,16.72,18.15,FALLING,DISTRIBUTION,medium,0.0,,,0.0,0.0,
2021-03-23,14814.75,DISTRIBUTION,0.67,medium,0.167,EXPANDING_RANGE_VOLATILE,0.0,0.0,-0.5,1.0,18.12,17.75,FALLING,DISTRIBUTION,medium,1.0,DOJI,,0.0,0.0,
2021-03-26,14507.2998046875,DISTRIBUTION,0.67,medium,0.167,EXPANDING_RANGE_VOLATILE,0.0,0.0,-0.5,1.0,15.05,17.1,FALLING,DISTRIBUTION,medium,1.0,DOJI,,0.0,0.0,
2021-04-01,14867.349609375,DISTRIBUTION,0.67,medium,0.167,EXPANDING_RANGE_VOLATILE,0.0,0.0,-0.5,1.0,17.23,16.59,FALLING,DISTRIBUTION,medium,1.0,DOJI,,0.0,0.0,
2021-04-07,14819.0498046875,DISTRIBUTION,0.67,medium,0.167,EXPANDING_RANGE_VOLATILE,0.0,0.0,-0.5,1.0,16.21,16.01,FALLING,DISTRIBUTION,medium,0.0,,,0.0,0.0,
2021-04-12,14310.7998046875,DISTRIBUTION,0.67,low,0.125,LOWER_HIGHS_LOWER_LOWS,37.5,-1.0,0.375,1.0,11.66,15.65,RISING,EXPANSION,low,0.0,,,0.0,0.0,
2021-04-16,14617.849609375,DISTRIBUTION,0.67,medium,-0.302,LOWER_HIGHS_LOWER_LOWS,9.37,-1.0,-0.906,1.0,13.49,15.39,FALLING,DISTRIBUTION,medium,1.0,HAMMER,,0.0,0.0,
2021-04-22,14406.150390625,DISTRIBUTION,0.67,medium,-0.316,LOWER_HIGHS_LOWER_LOWS,1.76,-1.0,-0.947,1.0,11.34,14.67,FALLING,DISTRIBUTION,medium,-0.6,"BEARISH_ENGULFING,HAMMER",,0.0,0.0,
2021-04-27,14653.0498046875,DISTRIBUTION,0.67,low,0.167,LOWER_HIGHS_LOWER_LOWS,50.22,-1.0,0.502,1.0,12.75,13.91,RISING,EXPANSION,low,0.5,"BEARISH_ENGULFING,DOJI",,0.0,0.0,
2021-04-30,14631.099609375,DISTRIBUTION,0.67,low,0.313,LOWER_HIGHS_LOWER_LOWS,93.78,-1.0,0.938,1.0,12.06,13.22,RISING,EXPANSION,low,0.0,,,0.0,0.0,
2021-05-05,14617.849609375,DISTRIBUTION,1.0,low,0.658,EXPANDING_RANGE_VOLATILE,99.22,0.0,0.974,1.0,11.46,12.4,RISING,EXPANSION,low,0.0,,,0.0,0.0,
2021-05-10,14942.349609375,DISTRIBUTION,1.0,low,0.52,EXPANDING_RANGE_VOLATILE,99.9,0.0,0.559,1.0,13.42,11.85,RISING,EXPANSION,low,-1.0,DOJI,,0.0,0.0,
2021-05-14,14677.7998046875,EXPANSION,1.0,low,0.472,EXPANDING_RANGE_VOLATILE,96.95,0.0,0.416,1.0,10.96,11.31,FALLING,EXPANSION,low,-1.0,DOJI,,0.0,0.0,
2021-05-19,15030.150390625,EXPANSION,1.0,low,0.83,HIGHER_HIGHS_HIGHER_LOWS,99.62,1.0,0.49,1.0,13.14,10.96,FALLING,EXPANSION,low,0.0,,,0.0,0.0,
2021-05-24,15197.7001953125,EXPANSION,1.0,low,0.843,HIGHER_HIGHS_HIGHER_LOWS,99.95,1.0,0.529,1.0,13.89,10.47,RISING,EXPANSION,low,0.0,,,0.0,0.0,
2021-05-27,15337.849609375,EXPANSION,1.0,low,0.835,HIGHER_HIGHS_HIGHER_LOWS,99.99,1.0,0.504,1.0,14.39,10.03,RISING,EXPANSION,low,0.0,,,0.0,0.0,
2021-06-01,15574.849609375,EXPANSION,1.0,low,0.833,HIGHER_HIGHS_HIGHER_LOWS,100.0,1.0,0.5,1.0,15.6,9.76,RISING,EXPANSION,low,0.0,,,0.0,0.0,
2021-06-04,15670.25,EXPANSION,1.0,low,0.833,HIGHER_HIGHS_HIGHER_LOWS,100.0,1.0,0.5,1.0,15.75,9.67,RISING,EXPANSION,low,0.0,,,0.0,0.0,
2021-06-09,15635.349609375,EXPANSION,1.0,low,0.833,HIGHER_HIGHS_HIGHER_LOWS,100.0,1.0,0.5,1.0,14.93,9.57,RISING,EXPANSION,low,0.0,,,0.0,0.0,
2021-06-14,15811.849609375,EXPANSION,1.0,low,0.833,HIGHER_HIGHS_HIGHER_LOWS,100.0,1.0,0.5,1.0,15.66,9.58,RISING,EXPANSION,low,-1.0,DOJI,,0.0,-0.6,45
2021-06-17,15691.400390625,EXPANSION,0.67,high,0.5,HIGHER_HIGHS_HIGHER_LOWS,50.0,1.0,-0.5,1.0,14.24,9.52,FALLING,DISTRIBUTION,high,-1.0,DOJI,,0.0,-0.6,45
2021-06-22,15772.75,EXPANSION,0.67,high,0.354,HIGHER_HIGHS_HIGHER_LOWS,6.25,1.0,-0.938,1.0,14.31,9.43,FALLING,DISTRIBUTION,high,0.0,,,0.0,-0.6,49
2021-06-25,15860.349609375,EXPANSION,0.67,high,0.341,HIGHER_HIGHS_HIGHER_LOWS,0.78,1.0,-0.977,1.0,14.42,9.46,FALLING,DISTRIBUTION,high,0.0,,,0.0,0.0,
2021-06-30,15721.5,EXPANSION,0.67,high,0.48,HIGHER_HIGHS_HIGHER_LOWS,0.1,1.0,-0.56,1.0,12.87,9.47,FALLING,DISTRIBUTION,high,-1.0,BEARISH_ENGULFING,,0.0,0.0,
2021-07-05,15834.349609375,DISTRIBUTION,0.67,high,0.498,HIGHER_HIGHS_HIGHER_LOWS,0.01,1.0,-0.507,1.0,13.15,9.56,FALLING,DISTRIBUTION,high,0.0,,,0.0,0.0,
2021-07-08,15727.900390625,DISTRIBUTION,0.67,high,0.5,HIGHER_HIGHS_HIGHER_LOWS,0.0,1.0,-0.501,1.0,11.88,9.55,FALLING,DISTRIBUTION,high,0.0,,,0.0,0.0,
2021-07-13,15812.349609375,DISTRIBUTION,0.67,high,0.5,HIGHER_HIGHS_HIGHER_LOWS,0.0,1.0,-0.5,1.0,11.97,9.48,FALLING,DISTRIBUTION,high,0.0,,,0.0,0.0,
2021-07-16,15923.400390625,DISTRIBUTION,1.0,low,0.911,HIGHER_HIGHS_HIGHER_LOWS,73.33,1.0,0.733,1.0,12.17,9.46,RISING,EXPANSION,low,0.0,,,0.0,0.0,
2021-07-22,15824.0498046875,DISTRIBUTION,1.0,low,0.757,HIGHER_HIGHS_HIGHER_LOWS,27.09,1.0,0.271,1.0,10.94,9.29,RISING,EXPANSION,low,0.0,,,0.0,0.0,
2021-07-27,15746.4501953125,DISTRIBUTION,0.67,high,0.336,HIGHER_HIGHS_HIGHER_LOWS,5.4,1.0,-0.946,0.955,9.88,9.23,FALLING,DISTRIBUTION,high,0.0,,,0.0,0.0,
2021-07-30,15763.0498046875,DISTRIBUTION,0.67,high,0.375,HIGHER_HIGHS_HIGHER_LOWS,0.73,1.0,-0.807,0.931,9.54,9.08,FALLING,DISTRIBUTION,high,0.0,,,0.0,-0.6,90
2021-08-04,16258.7998046875,DISTRIBUTION,1.0,low,0.917,HIGHER_HIGHS_HIGHER_LOWS,75.09,1.0,0.751,1.0,12.49,8.98,RISING,EXPANSION,low,0.0,,,0.0,-0.6,90
2021-08-09,16258.25,DISTRIBUTION,1.0,low,0.99,HIGHER_HIGHS_HIGHER_LOWS,96.89,1.0,0.969,1.0,11.97,8.85,RISING,EXPANSION,low,-1.0,"BEARISH_ENGULFING,DOJI",,0.0,0.0,
2021-08-12,16364.400390625,DISTRIBUTION,1.0,low,0.912,HIGHER_HIGHS_HIGHER_LOWS,99.61,1.0,0.737,1.0,12.19,8.66,RISING,EXPANSION,low,-1.0,"BEARISH_ENGULFING,DOJI",,0.0,0.0,
2021-08-17,16614.599609375,DISTRIBUTION,1.0,low,0.843,HIGHER_HIGHS_HIGHER_LOWS,99.95,1.0,0.53,1.0,13.36,8.49,RISING,EXPANSION,low,0.0,,,0.0,0.0,
2021-08-23,16496.44921875,EXPANSION,1.0,low,0.835,HIGHER_HIGHS_HIGHER_LOWS,99.99,1.0,0.504,1.0,12.01,8.29,RISING,EXPANSION,low,0.0,,,0.0,0.0,
2021-08-26,16636.900390625,EXPANSION,1.0,low,0.833,HIGHER_HIGHS_HIGHER_LOWS,100.0,1.0,0.5,1.0,12.4,8.08,RISING,EXPANSION,low,0.0,,,0.0,0.0,
2021-08-31,17132.19921875,EXPANSION,1.0,low,0.833,HIGHER_HIGHS_HIGHER_LOWS,100.0,1.0,0.5,1.0,15.18,8.04,RISING,EXPANSION,low,0.0,,,0.0,0.0,
2021-09-03,17323.599609375,EXPANSION,1.0,low,0.833,HIGHER_HIGHS_HIGHER_LOWS,100.0,1.0,0.5,1.0,15.93,8.13,RISING,EXPANSION,low,0.0,,,0.0,0.0,
2021-09-08,17353.5,EXPANSION,1.0,low,0.833,HIGHER_HIGHS_HIGHER_LOWS,100.0,1.0,0.5,1.0,15.6,8.25,RISING,EXPANSION,low,0.0,,,0.0,0.0,
2021-09-14,17380.0,EXPANSION,1.0,low,0.833,HIGHER_HIGHS_HIGHER_LOWS,100.0,1.0,0.5,1.0,15.26,8.42,RISING,EXPANSION,low,-1.0,DOJI,,0.0,-0.6,135
2021-09-17,17585.150390625,EXPANSION,1.0,low,0.833,HIGHER_HIGHS_HIGHER_LOWS,100.0,1.0,0.5,1.0,16.08,8.63,RISING,EXPANSION,low,-1.0,DOJI,,0.0,-0.6,135
2021-09-22,17546.650390625,EXPANSION,0.67,high,0.375,HIGHER_HIGHS_HIGHER_LOWS,12.5,1.0,-0.875,1.0,15.32,8.84,FALLING,DISTRIBUTION,high,0.0,,,0.0,-0.6,144
2021-09-27,17855.099609375,EXPANSION,1.0,low,0.87,HIGHER_HIGHS_HIGHER_LOWS,70.31,1.0,0.609,1.0,16.8,9.15,RISING,EXPANSION,low,0.0,,,0.0,-0.6,144
2021-09-30,17618.150390625,EXPANSION,0.67,high,0.473,HIGHER_HIGHS_HIGHER_LOWS,18.15,1.0,-0.58,1.0,14.77,9.4,FALLING,DISTRIBUTION,high,-1.0,BEARISH_ENGULFING,,0.0,0.0,
2021-10-05,17822.30078125,EXPANSION,0.67,high,0.341,HIGHER_HIGHS_HIGHER_LOWS,2.27,1.0,-0.977,1.0,15.63,9.7,FALLING,DISTRIBUTION,high,-1.0,BEARISH_ENGULFING,,0.0,0.0,
2021-10-08,17895.19921875,EXPANSION,0.67,high,0.442,HIGHER_HIGHS_HIGHER_LOWS,0.28,1.0,-0.673,1.0,15.64,10.05,FALLING,DISTRIBUTION,high,-1.0,BEARISH_ENGULFING,,0.0,0.0,
2021-10-13,18161.75,EXPANSION,0.67,medium,0.577,HIGHER_HIGHS_HIGHER_LOWS,8.44,1.0,-0.27,1.0,16.85,10.43,RISING,DISTRIBUTION,medium,0.0,,,0.0,0.0,
2021-10-19,18418.75,EXPANSION,1.0,low,0.962,HIGHER_HIGHS_HIGHER_LOWS,88.55,1.0,0.886,1.0,17.98,10.77,RISING,EXPANSION,low,0.0,,,0.0,0.0,
2021-10-22,18114.900390625,EXPANSION,1.0,low,0.967,HIGHER_HIGHS_HIGHER_LOWS,90.08,1.0,0.901,1.0,15.56,11.06,RISING,EXPANSION,low,0.0,,,0.0,0.0,
2021-10-27,18210.94921875,EXPANSION,0.67,high,0.482,HIGHER_HIGHS_HIGHER_LOWS,44.58,1.0,-0.554,1.0,15.72,11.32,FALLING,DISTRIBUTION,high,0.0,,,0.0,-0.6,180
2021-11-01,17929.650390625,EXPANSION,0.67,high,0.352,HIGHER_HIGHS_HIGHER_LOWS,5.57,1.0,-0.944,1.0,13.54,11.41,FALLING,DISTRIBUTION,high,0.0,,,0.0,0.0,
2021-11-04,17916.80078125,EXPANSION,0.67,high,0.358,HIGHER_HIGHS_HIGHER_LOWS,0.7,1.0,-0.925,1.0,13.1,11.57,FALLING,DISTRIBUTION,high,0.0,,,0.0,0.0,
2021-11-10,18017.19921875,EXPANSION,0.67,high,0.482,HIGHER_HIGHS_HIGHER_LOWS,0.09,1.0,-0.553,1.0,13.35,11.71,FALLING,DISTRIBUTION,high,0.0,,,0.0,0.0,
2021-11-15,18109.44921875,DISTRIBUTION,0.67,high,0.498,HIGHER_HIGHS_HIGHER_LOWS,0.01,1.0,-0.507,1.0,13.56,11.72,FALLING,DISTRIBUTION,high,0.0,,,0.0,0.0,
2021-11-18,17764.80078125,DISTRIBUTION,0.67,high,0.5,HIGHER_HIGHS_HIGHER_LOWS,0.0,1.0,-0.501,1.0,11.01,11.55,FALLING,DISTRIBUTION,high,0.0,,,0.0,0.0,
2021-11-24,17415.05078125,DISTRIBUTION,0.67,high,0.495,HIGHER_HIGHS_HIGHER_LOWS,0.0,1.0,-0.5,0.984,8.47,11.21,FALLING,DISTRIBUTION,high,0.0,,,0.0,0.0,
2021-11-29,17053.94921875,DISTRIBUTION,0.67,high,0.448,HIGHER_HIGHS_HIGHER_LOWS,0.0,1.0,-0.5,0.843,5.98,10.88,FALLING,DISTRIBUTION,high,1.0,DOJI,,0.0,0.0,
2021-12-02,17401.650390625,DISTRIBUTION,0.67,high,0.474,HIGHER_HIGHS_HIGHER_LOWS,0.0,1.0,-0.5,0.923,7.93,10.53,FALLING,DISTRIBUTION,high,1.0,DOJI,,0.0,0.6,45
2021-12-07,17176.69921875,DISTRIBUTION,0.67,high,0.441,HIGHER_HIGHS_HIGHER_LOWS,0.0,1.0,-0.5,0.823,6.34,10.13,FALLING,DISTRIBUTION,high,0.0,,,0.0,0.0,
2021-12-10,17511.30078125,DISTRIBUTION,1.0,low,0.924,HIGHER_HIGHS_HIGHER_LOWS,87.5,1.0,0.875,0.898,8.19,9.78,RISING,EXPANSION,low,0.0,,,0.0,0.0,
2021-12-15,17221.400390625,DISTRIBUTION,1.0,low,0.785,HIGHER_HIGHS_HIGHER_LOWS,69.24,1.0,0.577,0.779,6.16,9.42,RISING,EXPANSION,low,-1.0,BEARISH_ENGULFING,,0.0,0.0,
2021-12-20,16614.19921875,DISTRIBUTION,0.33,medium,-0.09,CONTRACTING_RANGE,17.24,0.0,-0.828,0.558,2.23,8.93,FALLING,DISTRIBUTION,medium,0.0,,,0.0,0.0,
2021-12-23,17072.599609375,DISTRIBUTION,0.67,low,-0.439,LOWER_HIGHS_LOWER_LOWS,2.16,-1.0,-0.978,0.66,4.84,8.37,FALLING,CONTRACTION,low,1.0,DOJI,,0.0,0.0,
2021-12-28,17233.25,DISTRIBUTION,0.67,low,0.059,LOWER_HIGHS_LOWER_LOWS,50.84,-1.0,0.508,0.67,5.63,7.78,RISING,ACCUMULATION,low,-0.2,"BEARISH_ENGULFING,DOJI",,0.0,0.0,
2021-12-31,17354.05078125,DISTRIBUTION,0.67,medium,0.201,LOWER_HIGHS_LOWER_LOWS,93.86,-1.0,0.939,0.665,6.15,7.15,RISING,ACCUMULATION,medium,0.0,,,0.0,0.0,
2022-01-05,17925.25,DISTRIBUTION,0.67,medium,0.258,LOWER_HIGHS_LOWER_LOWS,99.23,-1.0,0.969,0.805,9.36,6.74,RISING,ACCUMULATION,medium,0.0,,,0.0,0.0,
2022-01-10,18003.30078125,DISTRIBUTION,0.67,low,0.117,LOWER_HIGHS_LOWER_LOWS,99.9,-1.0,0.559,0.793,9.52,6.33,RISING,ACCUMULATION,low,-1.0,DOJI,,0.0,0.0,
2022-01-13,18257.80078125,ACCUMULATION,0.67,low,0.116,LOWER_HIGHS_LOWER_LOWS,99.99,-1.0,0.507,0.842,10.72,6.12,RISING,ACCUMULATION,low,-1.0,DOJI,,0.0,0.0,
2022-01-18,18113.05078125,ACCUMULATION,0.67,low,0.089,LOWER_HIGHS_LOWER_LOWS,100.0,-1.0,0.501,0.767,9.47,5.88,RISING,ACCUMULATION,low,-1.0,"BEARISH_ENGULFING,DOJI",,0.0,0.0,
2022-01-21,17617.150390625,ACCUMULATION,0.33,medium,-0.055,EXPANDING_RANGE_VOLATILE,25.0,0.0,-0.75,0.585,6.19,5.51,FALLING,DISTRIBUTION,medium,-1.0,BEARISH_ENGULFING,SHARK,-0.8,0.0,
2022-01-27,17110.150390625,ACCUMULATION,0.33,medium,-0.192,EXPANDING_RANGE_VOLATILE,3.12,0.0,-0.969,0.393,2.91,4.96,FALLING,DISTRIBUTION,medium,0.0,,SHARK,-0.8,0.0,
2022-02-01,17576.849609375,ACCUMULATION,0.67,high,0.254,HIGHER_HIGHS_HIGHER_LOWS,0.39,1.0,-0.738,0.501,5.45,4.57,FALLING,DISTRIBUTION,high,0.0,,,0.0,0.0,
2022-02-04,17516.30078125,ACCUMULATION,0.67,medium,0.32,HIGHER_HIGHS_HIGHER_LOWS,1.16,1.0,-0.496,0.456,4.79,4.33,FALLING,DISTRIBUTION,medium,0.0,,,0.0,0.0,
2022-02-09,17463.80078125,DISTRIBUTION,0.33,low,-0.033,CONTRACTING_RANGE,0.15,0.0,-0.517,0.418,4.2,4.15,FALLING,DISTRIBUTION,low,0.0,,,0.0,0.0,
2022-02-14,16842.80078125,DISTRIBUTION,1.0,low,0.16,CONTRACTING_RANGE,27.04,0.0,0.27,0.209,0.26,3.92,RISING,EXPANSION,low,0.0,,,0.0,0.0,
2022-02-17,17304.599609375,DISTRIBUTION,0.67,low,-0.517,LOWER_HIGHS_LOWER_LOWS,4.03,-1.0,-0.876,0.325,2.77,3.73,FALLING,CONTRACTION,low,0.0,,,0.0,0.0,
2022-02-22,17092.19921875,DISTRIBUTION,0.67,low,-0.524,LOWER_HIGHS_LOWER_LOWS,0.5,-1.0,-0.807,0.234,1.28,3.39,FALLING,CONTRACTION,low,0.0,,,0.0,0.0,
2022-02-25,16658.400390625,DISTRIBUTION,0.67,low,-0.487,LOWER_HIGHS_LOWER_LOWS,0.06,-1.0,-0.538,0.078,-1.45,3.01,FALLING,CONTRACTION,low,0.0,,,0.0,0.0,
2022-03-03,16498.05078125,DISTRIBUTION,0.67,low,-0.498,LOWER_HIGHS_LOWER_LOWS,0.01,-1.0,-0.505,0.011,-2.56,2.79,FALLING,CONTRACTION,low,-0.111,"BEARISH_ENGULFING,DOJI",,0.0,0.0,
2022-03-08,16013.4501953125,CONTRACTION,1.0,low,-0.553,LOWER_HIGHS_LOWER_LOWS,0.0,-1.0,-0.501,-0.158,-5.51,2.35,FALLING,CONTRACTION,low,0.667,"BEARISH_ENGULFING,BULLISH_ENGULFING,DOJI",,0.0,0.0,
2022-03-11,16630.44921875,CONTRACTION,0.33,medium,-0.083,LOWER_HIGHS_LOWER_LOWS,75.0,-1.0,0.75,0.001,-1.98,2.0,RISING,ACCUMULATION,medium,1.0,"BULLISH_ENGULFING,DOJI",,0.0,0.0,
2022-03-16,16975.349609375,CONTRACTION,0.67,high,0.016,LOWER_HIGHS_LOWER_LOWS,96.88,-1.0,0.969,0.079,-0.08,1.67,RISING,ACCUMULATION,high,0.0,,,0.0,0.0,
2022-03-22,17315.5,CONTRACTION,0.33,medium,-0.036,LOWER_HIGHS_LOWER_LOWS,99.61,-1.0,0.738,0.154,1.77,1.31,RISING,ACCUMULATION,medium,-1.0,BEARISH_ENGULFING,,0.0,0.0,
2022-03-25,17153.0,CONTRACTION,0.33,medium,-0.13,LOWER_HIGHS_LOWER_LOWS,99.95,-1.0,0.53,0.08,0.69,0.91,RISING,ACCUMULATION,medium,-1.0,BEARISH_ENGULFING,,0.0,0.0,
2022-03-30,17498.25,ACCUMULATION,0.33,medium,-0.115,LOWER_HIGHS_LOWER_LOWS,99.99,-1.0,0.504,0.151,2.56,0.45,RISING,ACCUMULATION,medium,0.0,,,0.0,0.0,
2022-04-04,18053.400390625,ACCUMULATION,0.33,low,-0.07,LOWER_HIGHS_LOWER_LOWS,100.0,-1.0,0.5,0.29,5.64,0.15,RISING,ACCUMULATION,low,0.143,"BEARISH_ENGULFING,BULLISH_ENGULFING",,0.0,0.0,
2022-04-07,17639.55078125,ACCUMULATION,0.33,medium,-0.115,LOWER_HIGHS_LOWER_LOWS,100.0,-1.0,0.5,0.155,3.03,0.07,RISING,ACCUMULATION,medium,1.0,BULLISH_ENGULFING,,0.0,0.0,
2022-04-12,17530.30078125,ACCUMULATION,0.33,medium,-0.128,LOWER_HIGHS_LOWER_LOWS,100.0,-1.0,0.5,0.115,2.22,0.08,RISING,ACCUMULATION,medium,0.0,,,0.0,0.0,
2022-04-19,16958.650390625,ACCUMULATION,0.67,low,-0.315,EXPANDING_RANGE_VOLATILE,12.5,0.0,-0.875,-0.07,-1.23,-0.17,FALLING,CONTRACTION,low,0.0,,,0.0,0.0,
2022-04-22,17171.94921875,ACCUMULATION,0.67,low,-0.336,EXPANDING_RANGE_VOLATILE,1.56,0.0,-0.984,-0.025,-0.12,-0.37,FALLING,CONTRACTION,low,0.0,,,0.0,0.0,
2022-04-27,17038.400390625,ACCUMULATION,0.67,low,-0.233,EXPANDING_RANGE_VOLATILE,0.2,0.0,-0.619,-0.081,-1.01,-0.62,FALLING,CONTRACTION,low,0.0,,,0.0,0.0,
2022-05-02,17069.099609375,ACCUMULATION,0.67,low,-0.2,EXPANDING_RANGE_VOLATILE,0.02,0.0,-0.515,-0.085,-0.95,-0.75,FALLING,CONTRACTION,low,-1.0,BEARISH_ENGULFING,,0.0,0.0,
2022-05-06,16411.25,CONTRACTION,0.67,low,-0.266,EXPANDING_RANGE_VOLATILE,0.0,0.0,-0.502,-0.295,-4.83,-1.07,FALLING,CONTRACTION,low,0.111,"BEARISH_ENGULFING,DOJI",,0.0,0.0,
2022-05-11,16167.099609375,CONTRACTION,0.67,low,-0.295,EXPANDING_RANGE_VOLATILE,0.0,0.0,-0.5,-0.384,-6.28,-1.41,FALLING,CONTRACTION,low,1.0,DOJI,,0.0,0.0,
2022-05-16,15842.2998046875,CONTRACTION,0.67,low,-0.331,EXPANDING_RANGE_VOLATILE,0.0,0.0,-0.5,-0.492,-8.17,-1.67,FALLING,CONTRACTION,low,1.0,DOJI,,0.0,0.6,45
2022-05-19,15809.400390625,CONTRACTION,0.67,low,-0.003,HIGHER_HIGHS_HIGHER_LOWS,0.0,1.0,-0.5,-0.51,-8.38,-1.82,FALLING,DISTRIBUTION,low,1.0,DOJI,,0.0,0.0,
2022-05-24,16125.150390625,CONTRACTION,0.67,low,0.402,HIGHER_HIGHS_HIGHER_LOWS,62.5,1.0,0.625,-0.42,-6.59,-1.81,RISING,EXPANSION,low,0.0,,,0.0,0.0,
2022-05-27,16352.4501953125,CONTRACTION,0.67,low,0.499,HIGHER_HIGHS_HIGHER_LOWS,85.94,1.0,0.859,-0.363,-5.27,-1.99,RISING,EXPANSION,low,0.0,,,0.0,0.0,
2022-06-01,16522.75,CONTRACTION,0.67,low,0.553,HIGHER_HIGHS_HIGHER_LOWS,98.24,1.0,0.982,-0.323,-4.31,-2.15,RISING,EXPANSION,low,-1.0,"BEARISH_ENGULFING,DOJI",,0.0,0.0,
2022-06-06,16569.55078125,CONTRACTION,0.67,low,0.437,HIGHER_HIGHS_HIGHER_LOWS,99.78,1.0,0.634,-0.322,-4.05,-2.39,RISING,EXPANSION,low,-0.0,"BEARISH_ENGULFING,BULLISH_ENGULFING,DOJI",,0.0,0.0,
2022-06-09,16478.099609375,EXPANSION,0.67,low,0.385,HIGHER_HIGHS_HIGHER_LOWS,99.97,1.0,0.517,-0.361,-4.57,-2.65,RISING,EXPANSION,low,1.0,BULLISH_ENGULFING,,0.0,0.0,
2022-06-14,15732.099609375,EXPANSION,0.67,low,-0.437,CONTRACTING_RANGE,28.69,0.0,-0.713,-0.598,-8.84,-3.12,FALLING,CONTRACTION,low,1.0,BULLISH_ENGULFING,,0.0,0.0,
2022-06-17,15293.5,EXPANSION,0.67,low,-0.574,CONTRACTING_RANGE,3.59,0.0,-0.964,-0.758,-11.29,-3.87,FALLING,CONTRACTION,low,1.0,DOJI,,0.0,0.0,
2022-06-22,15413.2998046875,EXPANSION,0.67,low,-0.508,CONTRACTING_RANGE,0.45,0.0,-0.773,-0.75,-10.47,-4.53,FALLING,CONTRACTION,low,1.0,DOJI,,0.0,0.0,
2022-06-27,15832.0498046875,EXPANSION,1.0,low,-0.673,LOWER_HIGHS_LOWER_LOWS,5.53,-1.0,-0.37,-0.648,-7.91,-5.05,RISING,CONTRACTION,low,0.0,,,0.0,0.0,
2022-06-30,15780.25,EXPANSION,0.67,high,-0.284,LOWER_HIGHS_LOWER_LOWS,82.19,-1.0,0.822,-0.673,-8.08,-5.37,RISING,ACCUMULATION,high,-1.0,DOJI,,0.0,0.0,
2022-07-05,15810.849609375,EXPANSION,0.67,high,-0.232,LOWER_HIGHS_LOWER_LOWS,97.77,-1.0,0.978,-0.675,-7.78,-5.72,RISING,ACCUMULATION,high,-1.0,DOJI,,0.0,0.0,
2022-07-08,16220.599609375,EXPANSION,0.67,high,-0.297,LOWER_HIGHS_LOWER_LOWS,99.72,-1.0,0.67,-0.562,-5.27,-5.96,RISING,ACCUMULATION,high,0.0,,,0.0,0.0,
2022-07-13,15966.650390625,EXPANSION,0.67,medium,-0.372,LOWER_HIGHS_LOWER_LOWS,99.97,-1.0,0.521,-0.638,-6.62,-6.14,RISING,ACCUMULATION,medium,0.0,,,0.0,0.0,
2022-07-18,16278.5,ACCUMULATION,0.67,medium,-0.345,LOWER_HIGHS_LOWER_LOWS,100.0,-1.0,0.503,-0.539,-4.65,-6.13,RISING,ACCUMULATION,medium,0.0,,,0.0,0.0,
2022-07-21,16605.25,ACCUMULATION,0.67,medium,-0.309,LOWER_HIGHS_LOWER_LOWS,100.0,-1.0,0.5,-0.427,-2.64,-5.89,RISING,ACCUMULATION,medium,0.0,,,0.0,0.0,
2022-07-26,16483.849609375,ACCUMULATION,0.67,medium,-0.314,LOWER_HIGHS_LOWER_LOWS,100.0,-1.0,0.5,-0.442,-3.26,-5.57,RISING,ACCUMULATION,medium,0.0,,,0.0,0.0,
2022-07-29,17158.25,ACCUMULATION,0.67,medium,-0.24,LOWER_HIGHS_LOWER_LOWS,100.0,-1.0,0.5,-0.221,0.78,-5.21,RISING,ACCUMULATION,medium,1.0,BULLISH_ENGULFING,,0.0,-0.6,45
2022-08-03,17388.150390625,ACCUMULATION,0.67,medium,-0.208,LOWER_HIGHS_LOWER_LOWS,100.0,-1.0,0.5,-0.125,2.2,-4.7,RISING,ACCUMULATION,medium,0.0,,,0.0,-0.6,45
2022-08-08,17525.099609375,ACCUMULATION,0.67,medium,-0.186,LOWER_HIGHS_LOWER_LOWS,100.0,-1.0,0.5,-0.058,3.1,-4.26,RISING,ACCUMULATION,medium,0.0,,,0.0,-0.6,49
2022-08-12,17698.150390625,ACCUMULATION,0.33,medium,-0.161,LOWER_HIGHS_LOWER_LOWS,100.0,-1.0,0.5,0.016,4.16,-3.84,RISING,ACCUMULATION,medium,0.0,,,0.0,0.0,
2022-08-18,17956.5,ACCUMULATION,0.33,medium,-0.127,LOWER_HIGHS_LOWER_LOWS,100.0,-1.0,0.5,0.118,5.7,-3.33,RISING,ACCUMULATION,medium,0.0,,,0.0,0.0,
2022-08-23,17577.5,ACCUMULATION,0.67,low,-0.573,LOWER_HIGHS_LOWER_LOWS,25.0,-1.0,-0.75,0.031,3.49,-2.87,FALLING,CONTRACTION,low,-1.0,BEARISH_ENGULFING,,0.0,0.0,
2022-08-26,17558.900390625,ACCUMULATION,0.67,low,-0.636,LOWER_HIGHS_LOWER_LOWS,3.12,-1.0,-0.969,0.061,3.41,-2.19,FALLING,CONTRACTION,low,-1.0,BEARISH_ENGULFING,,0.0,0.0,
2022-09-01,17542.80078125,ACCUMULATION,0.33,low,-0.213,EXPANDING_RANGE_VOLATILE,0.39,0.0,-0.738,0.099,3.36,-1.37,FALLING,DISTRIBUTION,low,-1.0,BEARISH_ENGULFING,SHARK,-0.8,0.0,
2022-09-06,17655.599609375,ACCUMULATION,0.33,low,-0.119,EXPANDING_RANGE_VOLATILE,0.05,0.0,-0.53,0.173,4.07,-0.6,FALLING,DISTRIBUTION,low,0.0,,SHARK,-0.8,0.0,
2022-09-09,17833.349609375,ACCUMULATION,0.67,medium,0.274,HIGHER_HIGHS_HIGHER_LOWS,2.16,1.0,-0.439,0.26,5.11,0.09,RISING,DISTRIBUTION,medium,0.0,,,0.0,0.0,
2022-09-14,18003.75,ACCUMULATION,1.0,low,0.71,HIGHER_HIGHS_HIGHER_LOWS,78.48,1.0,0.785,0.345,6.06,0.83,RISING,EXPANSION,low,0.0,,,0.0,0.0,
2022-09-19,17622.25,ACCUMULATION,1.0,low,0.575,HIGHER_HIGHS_HIGHER_LOWS,46.62,1.0,0.466,0.258,3.76,1.41,RISING,EXPANSION,low,0.0,,,0.0,0.0,
2022-09-22,17629.80078125,ACCUMULATION,0.67,high,0.122,HIGHER_HIGHS_HIGHER_LOWS,8.23,1.0,-0.918,0.283,3.76,1.91,FALLING,DISTRIBUTION,high,0.0,,,0.0,0.0,
2022-09-27,17007.400390625,ACCUMULATION,0.67,high,0.044,HIGHER_HIGHS_HIGHER_LOWS,1.03,1.0,-0.99,0.121,0.1,2.31,FALLING,DISTRIBUTION,high,0.0,,,0.0,0.0,
2022-09-30,17094.349609375,ACCUMULATION,0.67,medium,0.195,HIGHER_HIGHS_HIGHER_LOWS,0.13,1.0,-0.578,0.164,0.66,2.61,FALLING,DISTRIBUTION,medium,1.0,"BULLISH_ENGULFING,DOJI",,0.0,0.0,
2022-10-06,17331.80078125,ACCUMULATION,0.33,low,-0.089,EXPANDING_RANGE_VOLATILE,0.02,0.0,-0.51,0.244,2.07,2.81,FALLING,DISTRIBUTION,low,1.0,BULLISH_ENGULFING,,0.0,0.0,
2022-10-11,16983.55078125,DISTRIBUTION,0.33,low,-0.117,EXPANDING_RANGE_VOLATILE,0.0,0.0,-0.501,0.149,-0.02,2.99,FALLING,DISTRIBUTION,low,-1.0,BEARISH_ENGULFING,,0.0,0.0,
2022-10-14,17185.69921875,DISTRIBUTION,0.33,low,-0.098,EXPANDING_RANGE_VOLATILE,0.0,0.0,-0.5,0.207,1.16,2.97,FALLING,DISTRIBUTION,low,-1.0,BEARISH_ENGULFING,,0.0,0.0,
2022-10-19,17512.25,DISTRIBUTION,1.0,low,0.392,EXPANDING_RANGE_VOLATILE,87.5,0.0,0.875,0.301,3.06,2.97,RISING,EXPANSION,low,0.0,,,0.0,0.0,
2022-10-24,17730.75,DISTRIBUTION,1.0,low,0.45,EXPANDING_RANGE_VOLATILE,98.44,0.0,0.984,0.366,4.33,2.99,RISING,EXPANSION,low,-1.0,DOJI,,0.0,0.0,
2022-10-28,17786.80078125,DISTRIBUTION,1.0,low,0.334,EXPANDING_RANGE_VOLATILE,99.8,0.0,0.619,0.383,4.67,3.0,RISING,EXPANSION,low,-1.0,DOJI,,0.0,0.0,
2022-11-02,18082.849609375,DISTRIBUTION,1.0,low,0.329,EXPANDING_RANGE_VOLATILE,99.98,0.0,0.515,0.473,6.4,3.06,RISING,EXPANSION,low,-1.0,BEARISH_ENGULFING,,0.0,0.0,
2022-11-07,18202.80078125,EXPANSION,1.0,low,0.34,EXPANDING_RANGE_VOLATILE,100.0,0.0,0.502,0.519,7.11,3.27,RISING,EXPANSION,low,-1.0,"BEARISH_ENGULFING,DOJI",,0.0,0.0,
2022-11-11,18349.69921875,EXPANSION,1.0,low,0.358,EXPANDING_RANGE_VOLATILE,100.0,0.0,0.5,0.574,7.97,3.52,RISING,EXPANSION,low,0.429,"DOJI,MORNING_STAR",,0.0,-0.6,45
2022-11-16,18409.650390625,EXPANSION,1.0,low,0.366,EXPANDING_RANGE_VOLATILE,100.0,0.0,0.5,0.597,8.24,3.71,RISING,EXPANSION,low,1.0,MORNING_STAR,,0.0,-0.6,45
2022-11-21,18159.94921875,EXPANSION,0.67,low,0.008,EXPANDING_RANGE_VOLATILE,50.0,0.0,-0.5,0.525,6.67,3.83,FALLING,DISTRIBUTION,low,0.0,,,0.0,-0.6,49
2022-11-24,18484.099609375,EXPANSION,0.33,medium,-0.022,EXPANDING_RANGE_VOLATILE,31.25,0.0,-0.687,0.621,8.5,3.92,FALLING,DISTRIBUTION,medium,0.0,,,0.0,0.0,
2022-11-29,18618.05078125,EXPANSION,1.0,low,0.493,EXPANDING_RANGE_VOLATILE,82.03,0.0,0.82,0.66,9.18,4.02,RISING,EXPANSION,low,1.0,BULLISH_ENGULFING,,0.0,0.0,
2022-12-02,18696.099609375,EXPANSION,1.0,low,0.553,EXPANDING_RANGE_VOLATILE,96.97,0.0,0.97,0.69,9.51,4.29,RISING,EXPANSION,low,1.0,BULLISH_ENGULFING,,0.0,0.0,
2022-12-07,18560.5,EXPANSION,0.67,low,0.043,EXPANDING_RANGE_VOLATILE,47.41,0.0,-0.526,0.656,8.58,4.54,FALLING,DISTRIBUTION,low,0.0,,,0.0,0.0,
2022-12-12,18497.150390625,EXPANSION,0.33,medium,-0.096,EXPANDING_RANGE_VOLATILE,5.93,0.0,-0.941,0.653,8.09,4.97,FALLING,DISTRIBUTION,medium,-1.0,BEARISH_ENGULFING,,0.0,0.0,
2022-12-15,18414.900390625,EXPANSION,0.33,medium,-0.103,EXPANDING_RANGE_VOLATILE,0.74,0.0,-0.952,0.644,7.47,5.41,FALLING,DISTRIBUTION,medium,-1.0,BEARISH_ENGULFING,,0.0,0.0,
2022-12-20,18385.30078125,EXPANSION,0.67,low,0.027,EXPANDING_RANGE_VOLATILE,0.09,0.0,-0.556,0.637,7.13,5.61,FALLING,DISTRIBUTION,low,0.0,,,0.0,0.0,
2022-12-23,17806.80078125,DISTRIBUTION,0.33,low,-0.012,EXPANDING_RANGE_VOLATILE,0.01,0.0,-0.507,0.47,3.62,5.79,FALLING,DISTRIBUTION,low,-1.0,BEARISH_ENGULFING,,0.0,0.0,
2022-12-28,18122.5,DISTRIBUTION,0.67,low,0.02,EXPANDING_RANGE_VOLATILE,0.0,0.0,-0.501,0.56,5.27,5.93,FALLING,DISTRIBUTION,low,0.0,,,0.0,0.0,
2023-01-02,18197.44921875,DISTRIBUTION,0.67,low,0.026,EXPANDING_RANGE_VOLATILE,0.0,0.0,-0.5,0.579,5.57,6.01,FALLING,DISTRIBUTION,low,0.0,,,0.0,0.0,
2023-01-05,17992.150390625,DISTRIBUTION,0.67,low,0.006,EXPANDING_RANGE_VOLATILE,0.0,0.0,-0.5,0.517,4.28,6.06,FALLING,DISTRIBUTION,low,0.0,,,0.0,0.0,
2023-01-10,17914.150390625,DISTRIBUTION,0.33,low,-0.003,EXPANDING_RANGE_VOLATILE,0.0,0.0,-0.5,0.49,3.76,6.04,FALLING,DISTRIBUTION,low,-1.0,BEARISH_ENGULFING,,0.0,0.0,
2023-01-13,17956.599609375,DISTRIBUTION,0.33,low,-0.003,EXPANDING_RANGE_VOLATILE,0.0,0.0,-0.5,0.492,3.94,5.9,FALLING,DISTRIBUTION,low,-1.0,BEARISH_ENGULFING,,0.0,0.6,45
2023-01-18,18165.349609375,DISTRIBUTION,1.0,low,0.348,EXPANDING_RANGE_VOLATILE,50.0,0.0,0.5,0.545,5.09,5.81,RISING,EXPANSION,low,0.0,,,0.0,0.6,45
2023-01-23,18118.55078125,DISTRIBUTION,1.0,low,0.488,EXPANDING_RANGE_VOLATILE,93.75,0.0,0.938,0.527,4.81,5.74,RISING,EXPANSION,low,0.0,,,0.0,0.0,
2023-01-27,17604.349609375,DISTRIBUTION,0.33,low,-0.047,EXPANDING_RANGE_VOLATILE,49.22,0.0,-0.508,0.368,1.82,5.55,FALLING,DISTRIBUTION,low,-1.0,BEARISH_ENGULFING,,0.0,0.0,
2023-02-01,17616.30078125,DISTRIBUTION,0.33,medium,-0.182,EXPANDING_RANGE_VOLATILE,9.28,0.0,-0.907,0.361,1.88,5.33,FALLING,DISTRIBUTION,medium,0.0,,,0.0,0.0,
2023-02-06,17764.599609375,DISTRIBUTION,0.33,medium,-0.199,EXPANDING_RANGE_VOLATILE,1.85,0.0,-0.982,0.386,2.68,5.04,FALLING,DISTRIBUTION,medium,0.0,,,0.0,0.0,
2023-02-09,17893.44921875,DISTRIBUTION,1.0,low,0.321,EXPANDING_RANGE_VOLATILE,56.06,0.0,0.561,0.403,3.37,4.69,RISING,EXPANSION,low,0.0,,,0.0,0.0,
2023-02-14,17929.849609375,DISTRIBUTION,1.0,low,0.446,EXPANDING_RANGE_VOLATILE,94.51,0.0,0.945,0.392,3.52,4.33,RISING,EXPANSION,low,-1.0,BEARISH_ENGULFING,,0.0,0.0,
2023-02-17,17944.19921875,DISTRIBUTION,1.0,low,0.765,HIGHER_HIGHS_HIGHER_LOWS,99.31,1.0,0.919,0.376,3.51,4.02,RISING,EXPANSION,low,-1.0,BEARISH_ENGULFING,,0.0,0.0,
2023-02-22,17554.30078125,DISTRIBUTION,1.0,low,0.479,HIGHER_HIGHS_HIGHER_LOWS,88.07,1.0,0.197,0.239,1.14,3.63,FALLING,EXPANSION,low,0.0,,,0.0,0.0,
2023-02-27,17392.69921875,DISTRIBUTION,0.33,medium,-0.228,CONTRACTING_RANGE,15.4,0.0,-0.846,0.163,0.09,3.17,FALLING,DISTRIBUTION,medium,0.0,,,0.0,0.0,
2023-03-02,17321.900390625,DISTRIBUTION,0.33,medium,-0.289,CONTRACTING_RANGE,1.92,0.0,-0.981,0.114,-0.43,2.71,FALLING,DISTRIBUTION,medium,0.0,,,0.0,0.0,
2023-03-08,17754.400390625,DISTRIBUTION,0.33,low,-0.03,CONTRACTING_RANGE,11.49,0.0,-0.309,0.219,1.91,2.46,RISING,DISTRIBUTION,low,0.0,,,0.0,0.0,
2023-03-13,17154.30078125,DISTRIBUTION,1.0,low,0.198,CONTRACTING_RANGE,56.97,0.0,0.57,0.023,-1.64,2.09,RISING,EXPANSION,low,-1.0,BEARISH_ENGULFING,,0.0,0.0,
2023-03-16,16985.599609375,DISTRIBUTION,0.67,low,-0.283,CONTRACTING_RANGE,12.26,0.0,-0.799,-0.051,-2.66,1.63,FALLING,CONTRACTION,low,1.0,DOJI,,0.0,0.0,
2023-03-21,17107.5,DISTRIBUTION,0.67,low,-0.34,CONTRACTING_RANGE,1.53,0.0,-0.985,-0.036,-2.0,1.28,FALLING,CONTRACTION,low,1.0,"DOJI,HAMMER",,0.0,0.0,
2023-03-24,16945.05078125,DISTRIBUTION,0.67,low,-0.24,CONTRACTING_RANGE,0.19,0.0,-0.617,-0.103,-2.97,0.92,FALLING,CONTRACTION,low,1.0,HAMMER,,0.0,0.0,
2023-03-29,17080.69921875,DISTRIBUTION,0.67,low,0.138,CONTRACTING_RANGE,50.02,0.0,0.5,-0.085,-2.25,0.55,RISING,ACCUMULATION,low,-0.143,"BEARISH_ENGULFING,DOJI",,0.0,0.0,
2023-04-05,17557.05078125,DISTRIBUTION,0.33,high,-0.012,LOWER_HIGHS_LOWER_LOWS,93.75,-1.0,0.938,0.025,0.33,0.18,RISING,ACCUMULATION,high,-1.0,BEARISH_ENGULFING,,0.0,0.0,
2023-04-11,17722.30078125,DISTRIBUTION,0.67,high,0.007,LOWER_HIGHS_LOWER_LOWS,99.22,-1.0,0.976,0.045,1.07,-0.17,RISING,ACCUMULATION,high,0.0,,,0.0,0.0,
2023-04-17,17706.849609375,DISTRIBUTION,0.33,medium,-0.139,LOWER_HIGHS_LOWER_LOWS,99.9,-1.0,0.56,0.022,0.79,-0.34,RISING,ACCUMULATION,medium,-1.0,BEARISH_ENGULFING,,0.0,0.0,
2023-04-20,17624.44921875,ACCUMULATION,0.67,medium,-0.17,LOWER_HIGHS_LOWER_LOWS,99.99,-1.0,0.507,-0.017,0.16,-0.49,RISING,ACCUMULATION,medium,-1.0,BEARISH_ENGULFING,,0.0,0.0,
2023-04-25,17769.25,ACCUMULATION,0.33,medium,-0.164,LOWER_HIGHS_LOWER_LOWS,100.0,-1.0,0.501,0.007,0.82,-0.68,RISING,ACCUMULATION,medium,0.0,,,0.0,0.0,
2023-04-28,18065.0,ACCUMULATION,0.33,medium,-0.142,LOWER_HIGHS_LOWER_LOWS,100.0,-1.0,0.5,0.074,2.32,-0.83,RISING,ACCUMULATION,medium,0.0,,,0.0,0.0,
2023-05-04,18255.80078125,ACCUMULATION,0.33,medium,-0.128,LOWER_HIGHS_LOWER_LOWS,100.0,-1.0,0.5,0.116,3.23,-0.91,RISING,ACCUMULATION,medium,1.0,BULLISH_ENGULFING,,0.0,-0.6,45
2023-05-09,18265.94921875,ACCUMULATION,0.33,medium,-0.132,LOWER_HIGHS_LOWER_LOWS,100.0,-1.0,0.5,0.104,3.09,-1.01,RISING,ACCUMULATION,medium,1.0,BULLISH_ENGULFING,,0.0,-0.6,49
2023-05-12,18314.80078125,ACCUMULATION,0.33,medium,-0.13,LOWER_HIGHS_LOWER_LOWS,100.0,-1.0,0.5,0.111,3.18,-0.96,RISING,ACCUMULATION,medium,-1.0,"BEARISH_ENGULFING,DOJI",,0.0,0.0,
2023-05-17,18181.75,ACCUMULATION,0.67,low,-0.475,LOWER_HIGHS_LOWER_LOWS,50.0,-1.0,-0.5,0.075,2.29,-0.79,FALLING,CONTRACTION,low,-1.0,BEARISH_ENGULFING,,0.0,0.0,
2023-05-22,18314.400390625,ACCUMULATION,0.67,low,-0.538,LOWER_HIGHS_LOWER_LOWS,27.57,-1.0,-0.724,0.111,2.89,-0.67,FALLING,CONTRACTION,low,-1.0,BEARISH_ENGULFING,,0.0,0.0,
2023-05-25,18321.150390625,ACCUMULATION,0.33,medium,-0.028,LOWER_HIGHS_LOWER_LOWS,80.19,-1.0,0.802,0.114,2.83,-0.56,RISING,ACCUMULATION,medium,1.0,BULLISH_ENGULFING,,0.0,0.0,
2023-05-30,18633.849609375,ACCUMULATION,0.67,high,0.06,LOWER_HIGHS_LOWER_LOWS,96.63,-1.0,0.966,0.214,4.48,-0.2,RISING,ACCUMULATION,high,1.0,BULLISH_ENGULFING,,0.0,0.0,
2023-06-02,18534.099609375,ACCUMULATION,0.33,medium,-0.025,LOWER_HIGHS_LOWER_LOWS,99.58,-1.0,0.721,0.203,3.83,0.22,RISING,ACCUMULATION,medium,0.0,,,0.0,0.0,
2023-06-07,18726.400390625,ACCUMULATION,0.33,low,-0.064,LOWER_HIGHS_LOWER_LOWS,99.95,-1.0,0.532,0.275,4.83,0.67,RISING,ACCUMULATION,low,-1.0,DOJI,,0.0,0.0,
2023-06-12,18601.5,ACCUMULATION,0.67,low,-0.497,LOWER_HIGHS_LOWER_LOWS,24.99,-1.0,-0.75,0.26,4.06,1.14,FALLING,CONTRACTION,low,-1.0,DOJI,,0.0,0.0,
2023-06-15,18688.099609375,ACCUMULATION,0.67,low,-0.387,LOWER_HIGHS_LOWER_LOWS,53.87,-1.0,-0.461,0.301,4.45,1.58,FALLING,CONTRACTION,low,-1.0,BEARISH_ENGULFING,,0.0,-0.6,90
2023-06-20,18816.69921875,ACCUMULATION,0.67,medium,0.074,LOWER_HIGHS_LOWER_LOWS,87.56,-1.0,0.876,0.347,5.05,1.89,RISING,ACCUMULATION,medium,-1.0,BEARISH_ENGULFING,,0.0,-0.6,90
2023-06-23,18665.5,ACCUMULATION,0.67,low,-0.457,LOWER_HIGHS_LOWER_LOWS,31.75,-1.0,-0.682,0.312,4.1,2.15,FALLING,CONTRACTION,low,0.0,,,0.0,0.0,
2023-06-28,18972.099609375,ACCUMULATION,0.67,low,-0.502,LOWER_HIGHS_LOWER_LOWS,8.71,-1.0,-0.913,0.406,5.71,2.41,FALLING,CONTRACTION,low,0.0,,,0.0,0.0,
2023-07-04,19389.0,ACCUMULATION,0.67,medium,0.085,LOWER_HIGHS_LOWER_LOWS,71.82,-1.0,0.718,0.537,7.9,2.85,RISING,ACCUMULATION,medium,0.0,,,0.0,0.0,
2023-07-07,19331.80078125,ACCUMULATION,0.67,medium,0.165,LOWER_HIGHS_LOWER_LOWS,95.8,-1.0,0.958,0.536,7.46,3.27,RISING,ACCUMULATION,medium,0.143,"BULLISH_ENGULFING,DOJI",,0.0,0.0,
2023-07-12,19384.30078125,ACCUMULATION,0.67,medium,0.126,LOWER_HIGHS_LOWER_LOWS,99.48,-1.0,0.82,0.558,7.59,3.57,RISING,ACCUMULATION,medium,-0.667,"BEARISH_ENGULFING,BULLISH_ENGULFING",,0.0,0.0,
2023-07-17,19711.44921875,ACCUMULATION,0.67,low,0.065,LOWER_HIGHS_LOWER_LOWS,99.93,-1.0,0.54,0.655,9.23,3.87,RISING,ACCUMULATION,low,-1.0,BEARISH_ENGULFING,,0.0,0.0,
2023-07-20,19979.150390625,ACCUMULATION,0.67,low,0.078,LOWER_HIGHS_LOWER_LOWS,99.99,-1.0,0.505,0.729,10.44,4.14,RISING,ACCUMULATION,low,0.0,,,0.0,0.0,
2023-07-25,19680.599609375,ACCUMULATION,0.67,low,-0.368,LOWER_HIGHS_LOWER_LOWS,25.0,-1.0,-0.75,0.645,8.54,4.36,FALLING,CONTRACTION,low,0.0,,,0.0,0.0,
2023-07-28,19646.05078125,ACCUMULATION,0.67,low,-0.443,LOWER_HIGHS_LOWER_LOWS,3.12,-1.0,-0.969,0.639,8.14,4.64,FALLING,CONTRACTION,low,-1.0,BEARISH_ENGULFING,,0.0,0.0,
2023-08-02,19526.55078125,ACCUMULATION,0.67,low,-0.377,LOWER_HIGHS_LOWER_LOWS,0.39,-1.0,-0.738,0.607,7.26,4.88,FALLING,CONTRACTION,low,-1.0,BEARISH_ENGULFING,,0.0,-0.6,135
2023-08-07,19597.30078125,ACCUMULATION,0.67,low,-0.302,LOWER_HIGHS_LOWER_LOWS,0.05,-1.0,-0.53,0.624,7.44,5.05,FALLING,CONTRACTION,low,0.0,,,0.0,0.0,
2023-08-10,19543.099609375,CONTRACTION,0.67,low,-0.299,LOWER_HIGHS_LOWER_LOWS,0.01,-1.0,-0.504,0.608,6.96,5.2,FALLING,CONTRACTION,low,0.143,"BEARISH_ENGULFING,HAMMER",,0.0,-0.6,144
2023-08-16,19465.0,CONTRACTION,0.67,low,-0.305,LOWER_HIGHS_LOWER_LOWS,0.0,-1.0,-0.5,0.586,6.38,5.34,FALLING,CONTRACTION,low,1.0,HAMMER,,0.0,0.0,
2023-08-21,19393.599609375,CONTRACTION,0.67,low,-0.312,LOWER_HIGHS_LOWER_LOWS,0.0,-1.0,-0.5,0.565,5.86,5.44,FALLING,CONTRACTION,low,0.0,,,0.0,0.0,
2023-08-24,19386.69921875,CONTRACTION,0.67,low,-0.312,LOWER_HIGHS_LOWER_LOWS,0.0,-1.0,-0.5,0.564,5.7,5.58,FALLING,CONTRACTION,low,-1.0,BEARISH_ENGULFING,,0.0,0.0,
2023-08-29,19342.650390625,CONTRACTION,0.67,low,-0.316,LOWER_HIGHS_LOWER_LOWS,0.0,-1.0,-0.5,0.551,5.36,5.66,FALLING,CONTRACTION,low,-1.0,BEARISH_ENGULFING,,0.0,0.0,
2023-09-01,19435.30078125,CONTRACTION,0.67,low,-0.308,LOWER_HIGHS_LOWER_LOWS,0.0,-1.0,-0.5,0.576,5.77,5.74,FALLING,CONTRACTION,low,0.0,,,0.0,0.0,
2023-09-06,19611.05078125,CONTRACTION,0.67,medium,0.167,LOWER_HIGHS_LOWER_LOWS,87.5,-1.0,0.875,0.627,6.63,5.92,RISING,ACCUMULATION,medium,0.0,,,0.0,0.0,
2023-09-11,19996.349609375,CONTRACTION,0.67,medium,0.239,LOWER_HIGHS_LOWER_LOWS,98.44,-1.0,0.984,0.732,8.58,6.06,RISING,ACCUMULATION,medium,0.0,,,0.0,0.0,
2023-09-14,20103.099609375,CONTRACTION,0.67,low,0.126,LOWER_HIGHS_LOWER_LOWS,99.8,-1.0,0.619,0.758,9.01,6.14,RISING,ACCUMULATION,low,0.0,,,0.0,-0.6,180
2023-09-20,19901.400390625,CONTRACTION,0.67,low,0.07,LOWER_HIGHS_LOWER_LOWS,99.78,-1.0,0.509,0.702,7.79,6.24,RISING,ACCUMULATION,low,0.0,,,0.0,0.0,
2023-09-25,19674.55078125,CONTRACTION,0.67,low,-0.315,LOWER_HIGHS_LOWER_LOWS,41.88,-1.0,-0.581,0.637,6.48,6.25,FALLING,CONTRACTION,low,0.0,,,0.0,0.0,
2023-09-28,19523.55078125,CONTRACTION,0.67,low,-0.454,LOWER_HIGHS_LOWER_LOWS,5.24,-1.0,-0.948,0.586,5.58,6.15,FALLING,CONTRACTION,low,-0.111,"BEARISH_ENGULFING,BULLISH_ENGULFING",,0.0,0.0,
2023-10-04,19436.099609375,CONTRACTION,0.33,medium,-0.117,EXPANDING_RANGE_VOLATILE,0.65,0.0,-0.899,0.549,5.02,5.96,FALLING,DISTRIBUTION,medium,0.5,"BEARISH_ENGULFING,BULLISH_ENGULFING,DOJI",,0.0,0.0,
2023-10-09,19512.349609375,CONTRACTION,0.67,low,0.003,EXPANDING_RANGE_VOLATILE,0.08,0.0,-0.55,0.558,5.34,5.82,FALLING,DISTRIBUTION,low,1.0,DOJI,,0.0,0.0,
2023-10-12,19794.0,CONTRACTION,1.0,low,0.295,EXPANDING_RANGE_VOLATILE,26.25,0.0,0.263,0.623,6.73,5.72,RISING,EXPANSION,low,0.0,,,0.0,0.0,
2023-10-17,19811.5,CONTRACTION,1.0,low,0.508,EXPANDING_RANGE_VOLATILE,90.78,0.0,0.908,0.616,6.67,5.64,RISING,EXPANSION,low,0.0,,,0.0,0.0,
2023-10-20,19542.650390625,CONTRACTION,0.33,medium,-0.039,EXPANDING_RANGE_VOLATILE,35.19,0.0,-0.648,0.532,5.1,5.53,FALLING,DISTRIBUTION,medium,0.0,,,0.0,0.0,
2023-10-26,18857.25,CONTRACTION,0.33,medium,-0.205,EXPANDING_RANGE_VOLATILE,5.34,0.0,-0.947,0.333,1.34,5.31,FALLING,DISTRIBUTION,medium,0.0,,,0.0,0.0,
2023-10-31,19079.599609375,CONTRACTION,0.33,medium,-0.176,EXPANDING_RANGE_VOLATILE,0.67,0.0,-0.907,0.378,2.44,5.11,FALLING,DISTRIBUTION,medium,0.0,,,0.0,0.6,45
2023-11-03,19230.599609375,CONTRACTION,0.33,low,-0.049,EXPANDING_RANGE_VOLATILE,0.08,0.0,-0.551,0.404,3.16,4.93,FALLING,DISTRIBUTION,low,0.0,,,0.0,0.6,49
2023-11-08,19443.5,CONTRACTION,1.0,low,0.442,EXPANDING_RANGE_VOLATILE,87.51,0.0,0.875,0.45,4.17,4.82,RISING,EXPANSION,low,-1.0,DOJI,,0.0,0.0,
2023-11-13,19443.55078125,CONTRACTION,1.0,low,0.475,EXPANDING_RANGE_VOLATILE,98.44,0.0,0.984,0.44,4.06,4.74,RISING,EXPANSION,low,-1.0,DOJI,,0.0,0.0,
2023-11-17,19731.80078125,CONTRACTION,1.0,low,0.709,HIGHER_HIGHS_HIGHER_LOWS,99.8,1.0,0.619,0.509,5.47,4.7,RISING,EXPANSION,low,0.0,,,0.0,0.0,
2023-11-22,19811.849609375,CONTRACTION,1.0,low,0.677,HIGHER_HIGHS_HIGHER_LOWS,99.98,1.0,0.515,0.515,5.72,4.57,RISING,EXPANSION,low,0.0,,,0.0,0.0,
2023-11-28,19889.69921875,EXPANSION,1.0,low,0.672,HIGHER_HIGHS_HIGHER_LOWS,100.0,1.0,0.502,0.515,5.95,4.35,RISING,EXPANSION,low,0.0,,,0.0,0.0,
2023-12-01,20267.900390625,EXPANSION,1.0,low,0.699,HIGHER_HIGHS_HIGHER_LOWS,100.0,1.0,0.5,0.596,7.76,4.17,RISING,EXPANSION,low,0.0,,,0.0,0.0,
2023-12-06,20937.69921875,EXPANSION,1.0,low,0.755,HIGHER_HIGHS_HIGHER_LOWS,100.0,1.0,0.5,0.764,11.06,4.21,RISING,EXPANSION,low,0.0,,,0.0,0.0,
2023-12-11,20997.099609375,EXPANSION,1.0,low,0.758,HIGHER_HIGHS_HIGHER_LOWS,100.0,1.0,0.5,0.774,11.1,4.37,RISING,EXPANSION,low,0.0,,,0.0,-0.6,45
2023-12-14,21182.69921875,EXPANSION,1.0,low,0.773,HIGHER_HIGHS_HIGHER_LOWS,100.0,1.0,0.5,0.818,11.82,4.55,RISING,EXPANSION,low,-1.0,"BEARISH_ENGULFING,DOJI",,0.0,-0.6,49
2023-12-19,21453.099609375,EXPANSION,1.0,low,0.796,HIGHER_HIGHS_HIGHER_LOWS,100.0,1.0,0.5,0.887,12.9,4.85,RISING,EXPANSION,low,-1.0,DOJI,,0.0,0.0,
2023-12-22,21349.400390625,EXPANSION,1.0,low,0.784,HIGHER_HIGHS_HIGHER_LOWS,100.0,1.0,0.5,0.853,12.01,5.04,RISING,EXPANSION,low,0.0,,,0.0,0.0,
2023-12-28,21778.69921875,EXPANSION,1.0,low,0.819,HIGHER_HIGHS_HIGHER_LOWS,100.0,1.0,0.5,0.958,13.89,5.28,RISING,EXPANSION,low,0.0,,,0.0,0.0,
2024-01-02,21665.80078125,EXPANSION,1.0,low,0.808,HIGHER_HIGHS_HIGHER_LOWS,100.0,1.0,0.5,0.925,12.95,5.56,RISING,EXPANSION,low,-0.5,"BEARISH_ENGULFING,BULLISH_ENGULFING,DOJI",,0.0,0.0,
2024-01-05,21710.80078125,EXPANSION,0.67,high,0.353,HIGHER_HIGHS_HIGHER_LOWS,12.5,1.0,-0.875,0.933,12.79,5.87,FALLING,DISTRIBUTION,high,-0.778,"BEARISH_ENGULFING,BULLISH_ENGULFING,DOJI",,0.0,0.0,
2024-01-10,21618.69921875,EXPANSION,0.67,high,0.309,HIGHER_HIGHS_HIGHER_LOWS,1.56,1.0,-0.984,0.91,11.92,6.29,FALLING,DISTRIBUTION,high,-1.0,"BEARISH_ENGULFING,DOJI",,0.0,0.0,
2024-01-15,22097.44921875,EXPANSION,0.67,high,0.532,HIGHER_HIGHS_HIGHER_LOWS,7.39,1.0,-0.403,1.0,13.97,6.76,RISING,DISTRIBUTION,high,0.0,,,0.0,0.0,
2024-01-18,21462.25,EXPANSION,0.67,medium,0.532,HIGHER_HIGHS_HIGHER_LOWS,8.01,1.0,-0.275,0.871,10.29,7.13,RISING,DISTRIBUTION,medium,0.0,,,0.0,0.0,
2024-01-24,21453.94921875,DISTRIBUTION,0.67,high,0.326,HIGHER_HIGHS_HIGHER_LOWS,1.0,1.0,-0.887,0.864,9.89,7.39,FALLING,DISTRIBUTION,high,-0.143,"BEARISH_ENGULFING,DOJI",,0.0,0.0,
2024-01-30,21522.099609375,DISTRIBUTION,0.67,high,0.434,HIGHER_HIGHS_HIGHER_LOWS,0.13,1.0,-0.576,0.879,9.9,7.68,FALLING,DISTRIBUTION,high,-1.0,BEARISH_ENGULFING,,0.0,0.0,
2024-02-02,21853.80078125,DISTRIBUTION,0.67,high,0.484,HIGHER_HIGHS_HIGHER_LOWS,0.02,1.0,-0.51,0.961,11.25,7.97,FALLING,DISTRIBUTION,high,0.0,,,0.0,0.0,
2024-02-07,21930.5,DISTRIBUTION,1.0,low,0.789,HIGHER_HIGHS_HIGHER_LOWS,39.1,1.0,0.391,0.977,11.28,8.26,RISING,EXPANSION,low,-1.0,BEARISH_ENGULFING,,0.0,0.0,
2024-02-12,21616.05078125,DISTRIBUTION,1.0,low,0.692,HIGHER_HIGHS_HIGHER_LOWS,22.83,1.0,0.185,0.891,9.35,8.47,RISING,EXPANSION,low,-1.0,BEARISH_ENGULFING,,0.0,0.0,
2024-02-15,21910.75,DISTRIBUTION,0.67,high,0.332,HIGHER_HIGHS_HIGHER_LOWS,4.19,1.0,-0.958,0.954,10.5,8.58,FALLING,DISTRIBUTION,high,-1.0,BEARISH_ENGULFING,,0.0,0.0,
2024-02-20,22196.94921875,DISTRIBUTION,1.0,low,0.96,HIGHER_HIGHS_HIGHER_LOWS,88.02,1.0,0.88,1.0,11.6,8.61,RISING,EXPANSION,low,0.0,,,0.0,0.0,
2024-02-23,22212.69921875,DISTRIBUTION,1.0,low,0.995,HIGHER_HIGHS_HIGHER_LOWS,98.5,1.0,0.985,0.999,11.34,8.65,RISING,EXPANSION,low,-1.0,BEARISH_ENGULFING,,0.0,0.0,
2024-02-28,21951.150390625,DISTRIBUTION,1.0,low,0.682,HIGHER_HIGHS_HIGHER_LOWS,83.7,1.0,0.131,0.916,9.71,8.61,FALLING,EXPANSION,low,-0.111,"BEARISH_ENGULFING,BULLISH_ENGULFING",,0.0,0.0,
2024-03-04,22405.599609375,DISTRIBUTION,0.67,high,0.449,HIGHER_HIGHS_HIGHER_LOWS,34.67,1.0,-0.653,1.0,11.66,8.56,FALLING,DISTRIBUTION,high,-0.333,"BEARISH_ENGULFING,BULLISH_ENGULFING",,0.0,0.0,
2024-03-07,22493.55078125,DISTRIBUTION,1.0,low,0.901,HIGHER_HIGHS_HIGHER_LOWS,78.55,1.0,0.704,1.0,11.74,8.54,RISING,EXPANSION,low,1.0,BULLISH_ENGULFING,,0.0,-0.6,45
2024-03-13,21997.69921875,DISTRIBUTION,1.0,low,0.78,HIGHER_HIGHS_HIGHER_LOWS,58.06,1.0,0.472,0.867,8.96,8.37,RISING,EXPANSION,low,-0.667,"BEARISH_ENGULFING,BULLISH_ENGULFING",,0.0,-0.6,49
2024-03-18,22055.69921875,DISTRIBUTION,0.67,high,0.31,HIGHER_HIGHS_HIGHER_LOWS,7.26,1.0,-0.927,0.858,8.95,8.2,FALLING,DISTRIBUTION,high,-1.0,BEARISH_ENGULFING,,0.0,0.0,
2024-03-21,22011.94921875,DISTRIBUTION,0.67,high,0.278,HIGHER_HIGHS_HIGHER_LOWS,0.91,1.0,-0.991,0.824,8.47,8.02,FALLING,DISTRIBUTION,high,1.0,DOJI,,0.0,0.0,
2024-03-27,22123.650390625,DISTRIBUTION,0.67,high,0.42,HIGHER_HIGHS_HIGHER_LOWS,0.11,1.0,-0.569,0.83,8.73,7.87,FALLING,DISTRIBUTION,high,1.0,DOJI,,0.0,0.0,
2024-04-02,22453.30078125,DISTRIBUTION,1.0,low,0.86,HIGHER_HIGHS_HIGHER_LOWS,69.17,1.0,0.692,0.887,10.05,7.7,RISING,EXPANSION,low,-1.0,DOJI,,0.0,0.0,
2024-04-05,22513.69921875,DISTRIBUTION,1.0,low,0.949,HIGHER_HIGHS_HIGHER_LOWS,96.15,1.0,0.961,0.885,10.03,7.66,RISING,EXPANSION,low,-1.0,DOJI,,0.0,0.0,
2024-04-10,22753.80078125,DISTRIBUTION,1.0,low,0.909,HIGHER_HIGHS_HIGHER_LOWS,99.52,1.0,0.794,0.932,10.88,7.75,RISING,EXPANSION,low,0.0,,,0.0,0.0,
2024-04-16,22147.900390625,DISTRIBUTION,0.67,medium,0.487,HIGHER_HIGHS_HIGHER_LOWS,69.6,1.0,-0.304,0.766,7.66,7.66,FALLING,DISTRIBUTION,medium,0.0,,,0.0,0.0,
2024-04-22,22336.400390625,DISTRIBUTION,0.67,high,0.292,HIGHER_HIGHS_HIGHER_LOWS,8.7,1.0,-0.913,0.79,8.3,7.5,FALLING,DISTRIBUTION,high,0.25,"BEARISH_ENGULFING,DOJI",,0.0,0.0,
2024-04-25,22570.349609375,DISTRIBUTION,0.67,high,0.283,HIGHER_HIGHS_HIGHER_LOWS,2.18,1.0,-0.978,0.828,9.16,7.4,FALLING,DISTRIBUTION,high,1.0,"BULLISH_ENGULFING,DOJI",,0.0,0.0,
2024-04-30,22604.849609375,DISTRIBUTION,0.67,medium,0.574,HIGHER_HIGHS_HIGHER_LOWS,16.21,1.0,-0.101,0.824,9.07,7.4,RISING,DISTRIBUTION,medium,1.0,BULLISH_ENGULFING,,0.0,0.0,
2024-05-06,22442.69921875,DISTRIBUTION,1.0,low,0.86,HIGHER_HIGHS_HIGHER_LOWS,81.0,1.0,0.81,0.769,8.05,7.33,RISING,EXPANSION,low,-1.0,BEARISH_ENGULFING,,0.0,0.0,
2024-05-09,21957.5,DISTRIBUTION,0.67,high,0.285,HIGHER_HIGHS_HIGHER_LOWS,22.43,1.0,-0.776,0.632,5.5,7.13,FALLING,DISTRIBUTION,high,-1.0,BEARISH_ENGULFING,,0.0,0.0,
2024-05-14,22217.849609375,DISTRIBUTION,0.67,high,0.234,HIGHER_HIGHS_HIGHER_LOWS,2.8,1.0,-0.972,0.675,6.56,6.93,FALLING,DISTRIBUTION,high,0.0,,,0.0,0.0,
2024-05-17,22466.099609375,DISTRIBUTION,0.67,high,0.366,HIGHER_HIGHS_HIGHER_LOWS,3.43,1.0,-0.621,0.719,7.56,6.82,FALLING,DISTRIBUTION,high,0.0,,,0.0,0.0,
2024-05-23,22967.650390625,DISTRIBUTION,1.0,low,0.872,HIGHER_HIGHS_HIGHER_LOWS,79.44,1.0,0.794,0.821,9.73,6.69,RISING,EXPANSION,low,0.0,,,0.0,0.0,
2024-05-28,22888.150390625,DISTRIBUTION,1.0,low,0.919,HIGHER_HIGHS_HIGHER_LOWS,97.43,1.0,0.974,0.784,9.09,6.58,RISING,EXPANSION,low,0.0,,,0.0,0.0,
2024-05-31,22530.69921875,DISTRIBUTION,1.0,low,0.731,HIGHER_HIGHS_HIGHER_LOWS,93.52,1.0,0.511,0.681,7.16,6.47,RISING,EXPANSION,low,0.0,,,0.0,0.0,
2024-06-05,22620.349609375,DISTRIBUTION,0.67,medium,0.035,EXPANDING_RANGE_VOLATILE,41.67,0.0,-0.583,0.689,7.35,6.42,FALLING,DISTRIBUTION,medium,0.0,,,0.0,0.0,
2024-06-10,23259.19921875,DISTRIBUTION,0.67,medium,0.11,EXPANDING_RANGE_VOLATILE,49.96,0.0,-0.5,0.829,10.1,6.47,FALLING,DISTRIBUTION,medium,1.0,DOJI,,0.0,0.0,
2024-06-13,23398.900390625,DISTRIBUTION,1.0,low,0.59,EXPANDING_RANGE_VOLATILE,92.24,0.0,0.922,0.848,10.46,6.51,RISING,EXPANSION,low,0.0,,,0.0,0.0,
2024-06-19,23516.0,DISTRIBUTION,1.0,low,0.616,EXPANDING_RANGE_VOLATILE,99.03,0.0,0.99,0.859,10.68,6.5,RISING,EXPANSION,low,-1.0,DOJI,,0.0,0.0,
2024-06-24,23537.849609375,DISTRIBUTION,1.0,low,0.473,EXPANDING_RANGE_VOLATILE,99.88,0.0,0.574,0.846,10.46,6.46,RISING,EXPANSION,low,0.0,,,0.0,0.0,
2024-06-27,24044.5,DISTRIBUTION,1.0,low,0.486,EXPANDING_RANGE_VOLATILE,99.98,0.0,0.509,0.948,12.48,6.47,RISING,EXPANSION,low,0.0,,,0.0,0.0,
2024-07-02,24123.849609375,EXPANSION,1.0,low,0.486,EXPANDING_RANGE_VOLATILE,100.0,0.0,0.501,0.957,12.48,6.67,RISING,EXPANSION,low,1.0,BULLISH_ENGULFING,,0.0,0.0,
2024-07-05,24323.849609375,EXPANSION,1.0,low,0.499,EXPANDING_RANGE_VOLATILE,100.0,0.0,0.5,0.996,13.04,6.88,RISING,EXPANSION,low,-0.5,"BULLISH_ENGULFING,DOJI",,0.0,0.0,
2024-07-10,24324.44921875,EXPANSION,1.0,low,0.496,EXPANDING_RANGE_VOLATILE,100.0,0.0,0.5,0.989,12.7,7.08,RISING,EXPANSION,low,-1.0,"BEARISH_ENGULFING,DOJI",,0.0,0.0,
2024-07-15,24586.69921875,EXPANSION,1.0,low,0.5,EXPANDING_RANGE_VOLATILE,100.0,0.0,0.5,1.0,13.57,7.27,RISING,EXPANSION,low,-1.0,"BEARISH_ENGULFING,DOJI",,0.0,0.0,
2024-07-19,24530.900390625,EXPANSION,0.67,medium,0.167,EXPANDING_RANGE_VOLATILE,50.0,0.0,-0.5,1.0,12.94,7.54,FALLING,DISTRIBUTION,medium,-0.429,"BEARISH_ENGULFING,BULLISH_ENGULFING,DOJI",,0.0,-0.6,45
2024-07-24,24413.5,EXPANSION,0.67,high,0.018,EXPANDING_RANGE_VOLATILE,6.25,0.0,-0.938,0.993,12.03,7.83,FALLING,DISTRIBUTION,high,-0.333,"BEARISH_ENGULFING,BULLISH_ENGULFING",,0.0,-0.6,49
2024-07-29,24836.099609375,EXPANSION,0.67,high,0.029,EXPANDING_RANGE_VOLATILE,2.89,0.0,-0.913,1.0,13.58,8.15,FALLING,DISTRIBUTION,high,0.0,,,0.0,0.0,
2024-08-01,25010.900390625,EXPANSION,1.0,low,0.438,EXPANDING_RANGE_VOLATILE,31.28,0.0,0.313,1.0,13.95,8.42,RISING,EXPANSION,low,0.0,,,0.0,0.0,
2024-08-06,23992.55078125,EXPANSION,0.67,low,0.181,EXPANDING_RANGE_VOLATILE,10.73,0.0,-0.328,0.872,8.97,8.47,RISING,DISTRIBUTION,low,0.0,,,0.0,0.0,
2024-08-09,24367.5,EXPANSION,0.33,high,-0.015,EXPANDING_RANGE_VOLATILE,1.34,0.0,-0.987,0.943,10.33,8.52,FALLING,DISTRIBUTION,high,1.0,DOJI,,0.0,0.0,
2024-08-14,24143.75,EXPANSION,0.67,medium,0.092,EXPANDING_RANGE_VOLATILE,0.17,0.0,-0.602,0.879,8.99,8.59,FALLING,DISTRIBUTION,medium,0.0,,,0.0,0.0,
2024-08-20,24698.849609375,EXPANSION,0.67,medium,0.189,EXPANDING_RANGE_VOLATILE,2.86,0.0,-0.428,0.995,11.11,8.79,RISING,DISTRIBUTION,medium,0.0,,,0.0,0.0,
2024-08-23,24823.150390625,EXPANSION,1.0,low,0.937,HIGHER_HIGHS_HIGHER_LOWS,81.02,1.0,0.81,1.0,11.23,8.78,RISING,EXPANSION,low,0.0,,,0.0,0.0,
2024-08-28,25052.349609375,EXPANSION,1.0,low,0.992,HIGHER_HIGHS_HIGHER_LOWS,97.63,1.0,0.976,1.0,11.81,8.79,RISING,EXPANSION,low,-1.0,DOJI,,0.0,0.0,
2024-09-02,25278.69921875,EXPANSION,1.0,low,0.894,HIGHER_HIGHS_HIGHER_LOWS,99.7,1.0,0.681,1.0,12.37,8.8,RISING,EXPANSION,low,-1.0,DOJI,,0.0,0.0,
2024-09-05,25145.099609375,EXPANSION,1.0,low,0.836,HIGHER_HIGHS_HIGHER_LOWS,99.43,1.0,0.507,1.0,11.35,8.81,RISING,EXPANSION,low,0.0,,,0.0,0.0,
2024-09-10,25041.099609375,EXPANSION,0.67,high,0.393,HIGHER_HIGHS_HIGHER_LOWS,22.24,1.0,-0.778,0.958,10.49,8.68,FALLING,DISTRIBUTION,high,0.0,,,0.0,0.0,
2024-09-13,25356.5,EXPANSION,0.67,high,0.353,HIGHER_HIGHS_HIGHER_LOWS,5.94,1.0,-0.941,1.0,11.48,8.56,FALLING,DISTRIBUTION,high,0.0,,,0.0,0.0,
2024-09-18,25377.55078125,EXPANSION,1.0,low,0.679,HIGHER_HIGHS_HIGHER_LOWS,25.97,1.0,0.057,0.98,11.16,8.44,RISING,EXPANSION,low,0.0,,,0.0,-0.6,45
2024-09-23,25939.05078125,EXPANSION,1.0,low,0.956,HIGHER_HIGHS_HIGHER_LOWS,86.92,1.0,0.869,1.0,13.19,8.39,RISING,EXPANSION,low,0.0,,,0.0,-0.6,49
2024-09-26,26216.05078125,EXPANSION,1.0,low,0.995,HIGHER_HIGHS_HIGHER_LOWS,98.37,1.0,0.984,1.0,13.97,8.37,RISING,EXPANSION,low,0.0,,,0.0,-0.6,49
2024-10-01,25796.900390625,EXPANSION,1.0,low,0.824,HIGHER_HIGHS_HIGHER_LOWS,94.71,1.0,0.472,1.0,11.78,8.36,RISING,EXPANSION,low,-1.0,DOJI,,0.0,0.0,
2024-10-07,24795.75,EXPANSION,0.67,high,0.313,HIGHER_HIGHS_HIGHER_LOWS,16.86,1.0,-0.831,0.769,7.16,8.23,FALLING,DISTRIBUTION,high,-1.0,DOJI,,0.0,0.0,
2024-10-10,24998.44921875,EXPANSION,0.67,high,0.27,HIGHER_HIGHS_HIGHER_LOWS,2.11,1.0,-0.979,0.789,7.77,8.0,FALLING,DISTRIBUTION,high,0.0,,,0.0,0.0,
2024-10-15,25057.349609375,EXPANSION,0.67,high,0.372,HIGHER_HIGHS_HIGHER_LOWS,0.26,1.0,-0.661,0.778,7.77,7.78,FALLING,DISTRIBUTION,high,0.0,,,0.0,0.0,
2024-10-18,24854.05078125,EXPANSION,0.67,high,0.4,HIGHER_HIGHS_HIGHER_LOWS,0.03,1.0,-0.52,0.719,6.65,7.73,FALLING,DISTRIBUTION,high,0.0,,,0.0,0.0,
2024-10-23,24435.5,DISTRIBUTION,0.67,medium,0.37,HIGHER_HIGHS_HIGHER_LOWS,0.0,1.0,-0.503,0.614,4.67,7.61,FALLING,DISTRIBUTION,medium,0.0,,,0.0,0.0,
2024-10-28,24339.150390625,DISTRIBUTION,0.67,medium,0.358,HIGHER_HIGHS_HIGHER_LOWS,0.0,1.0,-0.5,0.575,4.07,7.43,FALLING,DISTRIBUTION,medium,1.0,DOJI,,0.0,0.0,
2024-10-31,24205.349609375,DISTRIBUTION,0.67,medium,0.341,HIGHER_HIGHS_HIGHER_LOWS,0.0,1.0,-0.5,0.524,3.32,7.16,FALLING,DISTRIBUTION,medium,0.0,,,0.0,0.0,
2024-11-05,24213.30078125,DISTRIBUTION,0.67,medium,0.333,HIGHER_HIGHS_HIGHER_LOWS,0.0,1.0,-0.5,0.499,3.19,6.8,FALLING,DISTRIBUTION,medium,-0.143,"BEARISH_ENGULFING,DOJI",,0.0,0.0,
2024-11-08,24148.19921875,DISTRIBUTION,1.0,low,0.612,HIGHER_HIGHS_HIGHER_LOWS,37.5,1.0,0.375,0.46,2.76,6.44,RISING,EXPANSION,low,-1.0,BEARISH_ENGULFING,,0.0,0.6,45
2024-11-13,23559.05078125,DISTRIBUTION,0.67,high,0.132,HIGHER_HIGHS_HIGHER_LOWS,9.37,1.0,-0.906,0.302,0.11,5.93,FALLING,DISTRIBUTION,high,-1.0,BEARISH_ENGULFING,,0.0,0.6,45
2024-11-19,23518.5,DISTRIBUTION,0.67,high,0.104,HIGHER_HIGHS_HIGHER_LOWS,1.75,1.0,-0.947,0.259,-0.2,5.38,FALLING,DISTRIBUTION,high,0.778,"BEARISH_ENGULFING,DOJI",,0.0,0.0,
2024-11-25,24221.900390625,DISTRIBUTION,1.0,low,0.377,EXPANDING_RANGE_VOLATILE,75.22,0.0,0.752,0.379,2.64,4.95,RISING,EXPANSION,low,1.0,DOJI,,0.0,0.0,
2024-11-28,23914.150390625,DISTRIBUTION,1.0,low,0.417,EXPANDING_RANGE_VOLATILE,96.9,0.0,0.969,0.283,1.18,4.47,RISING,EXPANSION,low,0.0,,,0.0,0.0,
2024-12-03,24457.150390625,DISTRIBUTION,1.0,low,0.368,EXPANDING_RANGE_VOLATILE,99.61,0.0,0.736,0.368,3.32,4.03,RISING,EXPANSION,low,0.0,,,0.0,0.0,
2024-12-06,24677.80078125,DISTRIBUTION,1.0,low,0.303,EXPANDING_RANGE_VOLATILE,99.95,0.0,0.53,0.379,4.06,3.52,RISING,EXPANSION,low,0.0,,,0.0,0.0,
2024-12-11,24641.80078125,EXPANSION,1.0,low,0.28,EXPANDING_RANGE_VOLATILE,99.99,0.0,0.504,0.335,3.73,2.96,RISING,EXPANSION,low,0.0,,,0.0,0.0,
2024-12-16,24668.25,EXPANSION,1.0,low,0.271,EXPANDING_RANGE_VOLATILE,100.0,0.0,0.5,0.312,3.68,2.55,RISING,EXPANSION,low,1.0,BULLISH_ENGULFING,,0.0,0.0,
2024-12-19,23951.69921875,EXPANSION,0.33,low,-0.212,EXPANDING_RANGE_VOLATILE,22.51,0.0,-0.775,0.139,0.54,2.23,FALLING,DISTRIBUTION,low,1.0,BULLISH_ENGULFING,,0.0,0.0,
2024-12-24,23727.650390625,EXPANSION,0.67,low,-0.636,LOWER_HIGHS_LOWER_LOWS,2.81,-1.0,-0.972,0.065,-0.5,1.8,FALLING,CONTRACTION,low,-0.333,"BEARISH_ENGULFING,DOJI",,0.0,0.0,
2024-12-30,23644.900390625,EXPANSION,0.67,low,-0.564,LOWER_HIGHS_LOWER_LOWS,0.35,-1.0,-0.715,0.022,-0.93,1.38,FALLING,CONTRACTION,low,0.429,"BEARISH_ENGULFING,DOJI",,0.0,0.0,
2025-01-02,24188.650390625,EXPANSION,0.67,low,-0.439,LOWER_HIGHS_LOWER_LOWS,3.21,-1.0,-0.432,0.115,1.25,1.06,RISING,CONTRACTION,low,1.0,DOJI,,0.0,0.0,
2025-01-07,23707.900390625,EXPANSION,0.67,low,-0.213,LOWER_HIGHS_LOWER_LOWS,36.58,-1.0,0.366,-0.004,-0.86,0.79,RISING,ACCUMULATION,low,0.0,,,0.0,0.0,
2025-01-10,23431.5,EXPANSION,1.0,low,-0.49,LOWER_HIGHS_LOWER_LOWS,12.08,-1.0,-0.388,-0.081,-2.11,0.49,FALLING,CONTRACTION,low,0.0,,,0.0,0.0,
2025-01-15,23213.19921875,EXPANSION,1.0,low,-0.711,LOWER_HIGHS_LOWER_LOWS,1.51,-1.0,-0.985,-0.148,-3.09,0.14,FALLING,CONTRACTION,low,1.0,DOJI,,0.0,0.0,
2025-01-20,23344.75,EXPANSION,1.0,low,-0.585,LOWER_HIGHS_LOWER_LOWS,0.19,-1.0,-0.615,-0.139,-2.61,-0.17,FALLING,CONTRACTION,low,1.0,DOJI,,0.0,0.6,45
2025-01-23,23205.349609375,EXPANSION,1.0,low,-0.567,LOWER_HIGHS_LOWER_LOWS,0.02,-1.0,-0.514,-0.186,-3.24,-0.47,FALLING,CONTRACTION,low,0.143,"BEARISH_ENGULFING,HAMMER",,0.0,0.6,49
2025-01-28,22957.25,CONTRACTION,1.0,low,-0.583,LOWER_HIGHS_LOWER_LOWS,0.0,-1.0,-0.502,-0.248,-4.3,-0.67,FALLING,CONTRACTION,low,1.0,"DOJI,HAMMER",,0.0,0.0,
2025-01-31,23508.400390625,CONTRACTION,0.67,high,-0.088,LOWER_HIGHS_LOWER_LOWS,87.5,-1.0,0.875,-0.139,-2.04,-0.75,RISING,ACCUMULATION,high,1.0,DOJI,,0.0,0.0,
2025-02-04,23739.25,CONTRACTION,0.67,high,-0.041,LOWER_HIGHS_LOWER_LOWS,98.44,-1.0,0.984,-0.107,-1.16,-0.98,RISING,ACCUMULATION,high,0.0,,,0.0,0.0,
2025-02-07,23559.94921875,CONTRACTION,0.67,medium,-0.18,LOWER_HIGHS_LOWER_LOWS,99.8,-1.0,0.619,-0.159,-1.99,-1.18,RISING,ACCUMULATION,medium,0.0,,,0.0,0.0,
2025-02-12,23045.25,CONTRACTION,0.67,medium,-0.337,LOWER_HIGHS_LOWER_LOWS,91.99,-1.0,0.275,-0.285,-4.17,-1.53,FALLING,ACCUMULATION,medium,0.0,,,0.0,0.0,
2025-02-17,22959.5,CONTRACTION,1.0,low,-0.718,LOWER_HIGHS_LOWER_LOWS,17.18,-1.0,-0.828,-0.326,-4.55,-1.98,FALLING,CONTRACTION,low,0.0,,,0.0,0.0,
2025-02-20,22913.150390625,CONTRACTION,1.0,low,-0.78,LOWER_HIGHS_LOWER_LOWS,2.15,-1.0,-0.979,-0.36,-4.77,-2.43,FALLING,CONTRACTION,low,1.0,DOJI,,0.0,0.0,
2025-02-25,22547.55078125,CONTRACTION,1.0,low,-0.709,LOWER_HIGHS_LOWER_LOWS,0.27,-1.0,-0.664,-0.464,-6.33,-2.95,FALLING,CONTRACTION,low,0.0,,,0.0,0.0,
2025-03-03,22119.30078125,CONTRACTION,1.0,low,-0.698,LOWER_HIGHS_LOWER_LOWS,0.03,-1.0,-0.52,-0.574,-8.11,-3.36,FALLING,CONTRACTION,low,0.0,,,0.0,0.0,
2025-03-06,22544.69921875,CONTRACTION,1.0,low,-0.523,LOWER_HIGHS_LOWER_LOWS,14.53,-1.0,-0.067,-0.502,-6.33,-3.71,RISING,CONTRACTION,low,1.0,HAMMER,,0.0,0.0,
2025-03-11,22497.900390625,CONTRACTION,0.67,high,-0.211,LOWER_HIGHS_LOWER_LOWS,89.32,-1.0,0.893,-0.525,-6.51,-3.99,RISING,ACCUMULATION,high,1.0,HAMMER,,0.0,0.0,
2025-03-17,22508.75,CONTRACTION,0.67,high,-0.184,LOWER_HIGHS_LOWER_LOWS,98.66,-1.0,0.987,-0.539,-6.44,-4.34,RISING,ACCUMULATION,high,0.0,,,0.0,0.0,
2025-03-20,23190.650390625,CONTRACTION,0.67,medium,-0.268,LOWER_HIGHS_LOWER_LOWS,99.83,-1.0,0.602,-0.407,-3.62,-4.53,RISING,ACCUMULATION,medium,0.0,,,0.0,0.0,
2025-03-25,23668.650390625,CONTRACTION,0.67,medium,-0.266,LOWER_HIGHS_LOWER_LOWS,99.98,-1.0,0.513,-0.312,-1.7,-4.54,RISING,ACCUMULATION,medium,0.0,,,0.0,0.0,
2025-03-28,23519.349609375,ACCUMULATION,0.67,medium,-0.28,LOWER_HIGHS_LOWER_LOWS,100.0,-1.0,0.502,-0.341,-2.34,-4.48,RISING,ACCUMULATION,medium,0.0,,,0.0,0.0,
2025-04-03,23250.099609375,ACCUMULATION,0.67,medium,-0.298,LOWER_HIGHS_LOWER_LOWS,100.0,-1.0,0.5,-0.395,-3.45,-4.46,RISING,ACCUMULATION,medium,0.0,,,0.0,0.0,
2025-04-08,22535.849609375,ACCUMULATION,0.67,low,-0.469,EXPANDING_RANGE_VOLATILE,13.72,0.0,-0.863,-0.545,-6.35,-4.55,FALLING,CONTRACTION,low,0.0,,,0.0,0.0,
2025-04-15,23328.55078125,ACCUMULATION,0.67,low,-0.443,EXPANDING_RANGE_VOLATILE,4.77,0.0,-0.952,-0.378,-3.02,-4.54,FALLING,CONTRACTION,low,1.0,HAMMER,,0.0,0.0,
2025-04-21,24125.55078125,ACCUMULATION,0.67,low,0.133,EXPANDING_RANGE_VOLATILE,60.5,0.0,0.605,-0.206,0.31,-4.43,RISING,ACCUMULATION,low,1.0,HAMMER,,0.0,0.0,
2025-04-24,24246.69921875,ACCUMULATION,0.67,medium,0.256,EXPANDING_RANGE_VOLATILE,94.17,0.0,0.942,-0.173,0.81,-4.28,RISING,ACCUMULATION,medium,0.0,,,0.0,0.0,
2025-04-29,24335.94921875,ACCUMULATION,0.67,medium,0.267,EXPANDING_RANGE_VOLATILE,99.27,0.0,0.945,-0.145,1.18,-4.09,RISING,ACCUMULATION,medium,0.0,,,0.0,0.0,
2025-05-05,24461.150390625,ACCUMULATION,0.67,low,0.151,EXPANDING_RANGE_VOLATILE,99.91,0.0,0.556,-0.103,1.7,-3.76,RISING,ACCUMULATION,low,-0.273,"BULLISH_ENGULFING,DOJI",,0.0,0.0,
2025-05-08,24273.80078125,ACCUMULATION,0.67,low,0.128,EXPANDING_RANGE_VOLATILE,99.99,0.0,0.507,-0.123,0.94,-3.4,RISING,ACCUMULATION,low,-0.6,"BEARISH_ENGULFING,BULLISH_ENGULFING,DOJI",,0.0,0.0,
2025-05-13,24578.349609375,ACCUMULATION,0.67,low,-0.138,EXPANDING_RANGE_VOLATILE,62.57,0.0,-0.374,-0.039,2.21,-2.99,FALLING,CONTRACTION,low,0.0,,,0.0,0.0,
2025-05-16,25019.80078125,ACCUMULATION,1.0,low,0.329,EXPANDING_RANGE_VOLATILE,90.75,0.0,0.907,0.08,4.02,-2.42,RISING,EXPANSION,low,0.0,,,0.0,0.0,
2025-05-21,24813.44921875,ACCUMULATION,1.0,low,0.283,EXPANDING_RANGE_VOLATILE,92.7,0.0,0.779,0.071,3.16,-1.75,RISING,EXPANSION,low,0.0,,,0.0,-0.6,45
2025-05-26,25001.150390625,ACCUMULATION,0.33,low,-0.164,EXPANDING_RANGE_VOLATILE,36.86,0.0,-0.631,0.139,3.94,-1.16,FALLING,DISTRIBUTION,low,0.0,,,0.0,-0.6,49
2025-05-29,24833.599609375,ACCUMULATION,0.33,medium,-0.262,EXPANDING_RANGE_VOLATILE,8.43,0.0,-0.916,0.129,3.2,-0.62,FALLING,DISTRIBUTION,medium,1.0,DOJI,,0.0,-0.6,49
2025-06-03,24542.5,ACCUMULATION,0.33,medium,-0.299,EXPANDING_RANGE_VOLATILE,1.05,0.0,-0.989,0.092,1.97,-0.12,FALLING,DISTRIBUTION,medium,-0.429,"BEARISH_ENGULFING,DOJI",,0.0,0.0,
2025-06-06,25003.05078125,ACCUMULATION,0.33,low,-0.119,EXPANDING_RANGE_VOLATILE,0.77,0.0,-0.561,0.205,3.85,0.25,FALLING,DISTRIBUTION,low,-1.0,BEARISH_ENGULFING,,0.0,0.0,
2025-06-11,25141.400390625,ACCUMULATION,1.0,low,0.126,EXPANDING_RANGE_VOLATILE,21.29,0.0,0.128,0.25,4.4,0.6,RISING,EXPANSION,low,-1.0,DOJI,,0.0,0.0,
2025-06-16,24946.5,ACCUMULATION,1.0,low,0.15,EXPANDING_RANGE_VOLATILE,26.5,0.0,0.222,0.227,3.59,0.96,RISING,EXPANSION,low,-1.0,"BEARISH_ENGULFING,DOJI",,0.0,0.0,
2025-06-19,24793.25,ACCUMULATION,0.33,medium,-0.249,EXPANDING_RANGE_VOLATILE,3.59,0.0,-0.964,0.218,2.97,1.39,FALLING,DISTRIBUTION,medium,0.0,,,0.0,0.0,
2025-06-24,25044.349609375,ACCUMULATION,0.33,low,-0.146,EXPANDING_RANGE_VOLATILE,1.43,0.0,-0.744,0.305,4.03,2.07,FALLING,DISTRIBUTION,low,1.0,BULLISH_ENGULFING,,0.0,0.0,
2025-06-27,25637.80078125,ACCUMULATION,1.0,low,0.411,EXPANDING_RANGE_VOLATILE,77.86,0.0,0.779,0.454,6.46,2.61,RISING,EXPANSION,low,0.0,,,0.0,0.0,
2025-07-02,25453.400390625,ACCUMULATION,1.0,low,0.467,EXPANDING_RANGE_VOLATILE,97.23,0.0,0.972,0.43,5.66,2.94,RISING,EXPANSION,low,-1.0,BEARISH_ENGULFING,,0.0,0.0,
2025-07-07,25461.30078125,ACCUMULATION,1.0,low,0.38,EXPANDING_RANGE_VOLATILE,99.1,0.0,0.694,0.447,5.69,3.24,RISING,EXPANSION,low,0.0,,,0.0,-0.6,90
2025-07-10,25355.25,ACCUMULATION,0.33,low,-0.031,EXPANDING_RANGE_VOLATILE,47.01,0.0,-0.53,0.438,5.25,3.52,FALLING,DISTRIBUTION,low,0.0,,,0.0,0.0,
2025-07-15,25195.80078125,ACCUMULATION,0.33,medium,-0.174,EXPANDING_RANGE_VOLATILE,5.88,0.0,-0.941,0.419,4.63,3.75,FALLING,DISTRIBUTION,medium,0.0,,,0.0,0.0,
2025-07-18,24968.400390625,ACCUMULATION,0.33,medium,-0.186,EXPANDING_RANGE_VOLATILE,0.73,0.0,-0.948,0.39,3.76,4.04,FALLING,DISTRIBUTION,medium,-1.0,BEARISH_ENGULFING,,0.0,0.0,
2025-07-23,25219.900390625,ACCUMULATION,0.33,low,-0.035,EXPANDING_RANGE_VOLATILE,0.09,0.0,-0.556,0.45,4.83,4.17,FALLING,DISTRIBUTION,low,-1.0,BEARISH_ENGULFING,,0.0,0.0,
2025-07-28,24680.900390625,DISTRIBUTION,0.33,low,-0.057,EXPANDING_RANGE_VOLATILE,0.01,0.0,-0.507,0.337,2.6,4.14,FALLING,DISTRIBUTION,low,-1.0,BEARISH_ENGULFING,,0.0,0.0,
2025-07-31,24768.349609375,DISTRIBUTION,0.33,low,-0.048,EXPANDING_RANGE_VOLATILE,0.0,0.0,-0.501,0.357,2.97,4.18,FALLING,DISTRIBUTION,low,1.0,BULLISH_ENGULFING,,0.0,0.0,
2025-08-05,24649.55078125,DISTRIBUTION,0.33,low,-0.056,EXPANDING_RANGE_VOLATILE,0.0,0.0,-0.5,0.332,2.5,4.14,FALLING,DISTRIBUTION,low,0.0,,,0.0,0.0,
2025-08-08,24363.30078125,DISTRIBUTION,0.33,low,-0.076,EXPANDING_RANGE_VOLATILE,0.0,0.0,-0.5,0.271,1.33,4.09,FALLING,DISTRIBUTION,low,0.0,,,0.0,0.0,
2025-08-13,24619.349609375,DISTRIBUTION,0.33,low,-0.059,EXPANDING_RANGE_VOLATILE,0.0,0.0,-0.5,0.323,2.39,4.07,FALLING,DISTRIBUTION,low,0.0,,,0.0,0.6,45
2025-08-19,24980.650390625,DISTRIBUTION,1.0,low,0.381,EXPANDING_RANGE_VOLATILE,75.0,0.0,0.75,0.393,3.86,4.0,RISING,EXPANSION,low,0.0,,,0.0,0.6,49
2025-08-22,24870.099609375,DISTRIBUTION,1.0,low,0.445,EXPANDING_RANGE_VOLATILE,96.88,0.0,0.969,0.365,3.35,3.95,RISING,EXPANSION,low,0.0,,,0.0,0.0,
2025-08-28,24500.900390625,DISTRIBUTION,1.0,low,0.254,EXPANDING_RANGE_VOLATILE,90.93,0.0,0.478,0.284,1.79,3.89,RISING,EXPANSION,low,0.0,,,0.0,0.0,
2025-09-02,24579.599609375,DISTRIBUTION,0.33,low,-0.151,EXPANDING_RANGE_VOLATILE,25.35,0.0,-0.746,0.293,2.09,3.77,FALLING,DISTRIBUTION,low,1.0,MORNING_STAR,,0.0,0.0,
2025-09-05,24741.0,DISTRIBUTION,0.33,medium,-0.217,EXPANDING_RANGE_VOLATILE,3.54,0.0,-0.965,0.315,2.69,3.61,FALLING,DISTRIBUTION,medium,1.0,MORNING_STAR,,0.0,0.0,
2025-09-10,24973.099609375,DISTRIBUTION,1.0,low,0.246,EXPANDING_RANGE_VOLATILE,39.05,0.0,0.391,0.346,3.56,3.35,RISING,EXPANSION,low,0.0,,,0.0,0.0,
2025-09-15,25069.19921875,DISTRIBUTION,1.0,low,0.426,EXPANDING_RANGE_VOLATILE,92.38,0.0,0.924,0.354,3.9,3.19,RISING,EXPANSION,low,-0.25,"BEARISH_ENGULFING,BULLISH_ENGULFING",,0.0,0.0,
2025-09-18,25423.599609375,DISTRIBUTION,1.0,low,0.803,HIGHER_HIGHS_HIGHER_LOWS,99.05,1.0,0.99,0.418,5.29,3.07,RISING,EXPANSION,low,-1.0,BEARISH_ENGULFING,,0.0,0.0,
2025-09-23,25169.5,DISTRIBUTION,1.0,low,0.644,HIGHER_HIGHS_HIGHER_LOWS,99.88,1.0,0.573,0.359,4.18,2.99,RISING,EXPANSION,low,0.0,,,0.0,-0.6,45
2025-09-26,24654.69921875,DISTRIBUTION,0.67,medium,0.203,HIGHER_HIGHS_HIGHER_LOWS,36.05,1.0,-0.639,0.247,2.04,2.91,FALLING,DISTRIBUTION,medium,0.0,,,0.0,-0.6,49
2025-10-01,24836.30078125,DISTRIBUTION,0.67,high,0.108,HIGHER_HIGHS_HIGHER_LOWS,4.51,1.0,-0.955,0.28,2.78,2.81,FALLING,DISTRIBUTION,high,0.0,,,0.0,0.0,
2025-10-07,25108.30078125,DISTRIBUTION,0.67,high,0.201,HIGHER_HIGHS_HIGHER_LOWS,4.41,1.0,-0.728,0.332,3.88,2.76,FALLING,DISTRIBUTION,high,0.0,,,0.0,0.0,
2025-10-10,25285.349609375,DISTRIBUTION,1.0,low,0.609,HIGHER_HIGHS_HIGHER_LOWS,45.97,1.0,0.46,0.366,4.53,2.78,RISING,EXPANSION,low,0.0,,,0.0,0.0,
2025-10-15,25323.55078125,DISTRIBUTION,1.0,low,0.767,HIGHER_HIGHS_HIGHER_LOWS,93.25,1.0,0.932,0.37,4.59,2.81,RISING,EXPANSION,low,-1.0,BEARISH_ENGULFING,,0.0,0.0,
2025-10-20,25843.150390625,DISTRIBUTION,1.0,low,0.823,HIGHER_HIGHS_HIGHER_LOWS,99.16,1.0,0.992,0.478,6.61,2.94,RISING,EXPANSION,low,-1.0,BEARISH_ENGULFING,,0.0,0.0,
2025-10-24,25795.150390625,DISTRIBUTION,1.0,low,0.679,HIGHER_HIGHS_HIGHER_LOWS,99.89,1.0,0.564,0.472,6.29,3.16,RISING,EXPANSION,low,0.0,,,0.0,0.0,
2025-10-29,26053.900390625,EXPANSION,1.0,low,0.679,HIGHER_HIGHS_HIGHER_LOWS,99.99,1.0,0.508,0.528,7.2,3.36,RISING,EXPANSION,low,-1.0,DOJI,,0.0,0.0,
2025-11-03,25763.349609375,EXPANSION,0.67,high,0.275,HIGHER_HIGHS_HIGHER_LOWS,36.43,1.0,-0.636,0.462,5.84,3.4,FALLING,DISTRIBUTION,high,-1.0,DOJI,,0.0,-0.6,90
2025-11-07,25492.30078125,EXPANSION,0.67,high,0.148,HIGHER_HIGHS_HIGHER_LOWS,4.55,1.0,-0.954,0.399,4.58,3.39,FALLING,DISTRIBUTION,high,0.0,,,0.0,-0.6,90
2025-11-12,25875.80078125,EXPANSION,0.67,high,0.21,HIGHER_HIGHS_HIGHER_LOWS,0.57,1.0,-0.847,0.476,5.99,3.52,FALLING,DISTRIBUTION,high,1.0,HAMMER,,0.0,0.0,
2025-11-17,26013.44921875,EXPANSION,0.67,low,0.472,HIGHER_HIGHS_HIGHER_LOWS,15.29,1.0,-0.087,0.502,6.37,3.66,RISING,DISTRIBUTION,low,1.0,"BULLISH_ENGULFING,HAMMER",,0.0,0.0,
2025-11-20,26192.150390625,EXPANSION,1.0,low,0.777,HIGHER_HIGHS_HIGHER_LOWS,79.73,1.0,0.797,0.534,6.9,3.79,RISING,EXPANSION,low,-0.5,"BEARISH_ENGULFING,BULLISH_ENGULFING",,0.0,0.0,
2025-11-25,25884.80078125,EXPANSION,1.0,low,0.796,HIGHER_HIGHS_HIGHER_LOWS,91.93,1.0,0.919,0.468,5.48,3.87,RISING,EXPANSION,low,0.0,,,0.0,0.0,
2025-11-28,26202.94921875,EXPANSION,1.0,low,0.728,HIGHER_HIGHS_HIGHER_LOWS,98.45,1.0,0.656,0.529,6.61,3.97,RISING,EXPANSION,low,1.0,BULLISH_ENGULFING,,0.0,0.0,
2025-12-03,25986.0,EXPANSION,0.67,medium,0.29,HIGHER_HIGHS_HIGHER_LOWS,39.15,1.0,-0.608,0.477,5.56,3.98,FALLING,DISTRIBUTION,medium,0.0,,,0.0,0.0,
2025-12-08,25960.55078125,EXPANSION,0.67,high,0.171,HIGHER_HIGHS_HIGHER_LOWS,4.89,1.0,-0.951,0.464,5.27,4.01,FALLING,DISTRIBUTION,high,1.0,BULLISH_ENGULFING,,0.0,0.0,
2025-12-11,25898.55078125,EXPANSION,0.67,high,0.191,HIGHER_HIGHS_HIGHER_LOWS,0.61,1.0,-0.873,0.446,4.83,4.1,FALLING,DISTRIBUTION,high,0.0,,,0.0,0.0,
2025-12-16,25860.099609375,EXPANSION,0.67,medium,0.296,HIGHER_HIGHS_HIGHER_LOWS,0.08,1.0,-0.547,0.434,4.48,4.19,FALLING,DISTRIBUTION,medium,0.0,,,0.0,0.0,
2025-12-19,25966.400390625,DISTRIBUTION,0.67,medium,0.313,HIGHER_HIGHS_HIGHER_LOWS,0.01,1.0,-0.506,0.444,4.7,4.17,FALLING,DISTRIBUTION,medium,0.0,,,0.0,-0.6,135
2025-12-24,26142.099609375,DISTRIBUTION,1.0,low,0.77,HIGHER_HIGHS_HIGHER_LOWS,84.58,1.0,0.846,0.465,5.15,4.14,RISING,EXPANSION,low,0.0,,,0.0,-0.6,135
2025-12-30,25938.849609375,DISTRIBUTION,1.0,low,0.52,HIGHER_HIGHS_HIGHER_LOWS,47.25,1.0,0.151,0.409,4.11,4.07,RISING,EXPANSION,low,0.0,,,0.0,-0.6,144
2026-01-02,26328.55078125,DISTRIBUTION,0.67,medium,0.429,HIGHER_HIGHS_HIGHER_LOWS,71.46,1.0,-0.182,0.469,5.44,3.94,FALLING,DISTRIBUTION,medium,1.0,MORNING_STAR,,0.0,-0.6,144
2026-01-07,26140.75,DISTRIBUTION,1.0,low,0.787,HIGHER_HIGHS_HIGHER_LOWS,94.79,1.0,0.948,0.412,4.46,3.78,RISING,EXPANSION,low,0.0,,,0.0,0.0,
2026-01-12,25790.25,DISTRIBUTION,0.67,high,0.193,HIGHER_HIGHS_HIGHER_LOWS,25.46,1.0,-0.745,0.324,2.9,3.58,FALLING,DISTRIBUTION,high,0.0,,,0.0,0.0,
2026-01-16,25694.349609375,DISTRIBUTION,0.67,high,0.108,HIGHER_HIGHS_HIGHER_LOWS,3.18,1.0,-0.968,0.292,2.39,3.45,FALLING,DISTRIBUTION,high,1.0,DOJI,,0.0,0.0,
2026-01-21,25157.5,DISTRIBUTION,0.67,medium,0.143,HIGHER_HIGHS_HIGHER_LOWS,0.4,1.0,-0.743,0.171,0.13,3.29,FALLING,DISTRIBUTION,medium,1.0,DOJI,,0.0,0.0,
2026-01-27,25175.400390625,DISTRIBUTION,0.67,medium,0.208,HIGHER_HIGHS_HIGHER_LOWS,0.05,1.0,-0.53,0.155,0.08,3.01,FALLING,DISTRIBUTION,medium,1.0,DOJI,,0.0,0.0,
2026-01-30,25320.650390625,DISTRIBUTION,0.67,medium,0.218,HIGHER_HIGHS_HIGHER_LOWS,0.01,1.0,-0.504,0.158,0.48,2.69,FALLING,DISTRIBUTION,medium,0.0,,,0.0,0.0,
2026-02-04,25776.0,DISTRIBUTION,1.0,low,0.659,HIGHER_HIGHS_HIGHER_LOWS,75.0,1.0,0.75,0.228,2.15,2.41,RISING,EXPANSION,low,0.0,,,0.0,0.0,
2026-02-09,25867.30078125,DISTRIBUTION,1.0,low,0.734,HIGHER_HIGHS_HIGHER_LOWS,96.88,1.0,0.969,0.232,2.41,2.24,RISING,EXPANSION,low,0.0,,,0.0,0.0,
2026-02-12,25807.19921875,DISTRIBUTION,1.0,low,0.648,HIGHER_HIGHS_HIGHER_LOWS,99.61,1.0,0.738,0.206,2.07,2.06,RISING,EXPANSION,low,0.0,,,0.0,0.0,
2026-02-17,25725.400390625,DISTRIBUTION,1.0,low,0.557,HIGHER_HIGHS_HIGHER_LOWS,98.7,1.0,0.492,0.178,1.66,1.89,RISING,EXPANSION,low,1.0,BULLISH_ENGULFING,,0.0,0.0,
2026-02-20,25571.25,DISTRIBUTION,0.67,medium,0.265,HIGHER_HIGHS_HIGHER_LOWS,65.82,1.0,-0.342,0.136,0.98,1.73,FALLING,DISTRIBUTION,medium,-0.6,"BEARISH_ENGULFING,BULLISH_ENGULFING",,0.0,0.0,
2026-02-25,25482.5,DISTRIBUTION,0.67,high,0.063,HIGHER_HIGHS_HIGHER_LOWS,8.23,1.0,-0.918,0.106,0.55,1.56,FALLING,DISTRIBUTION,high,-1.0,BEARISH_ENGULFING,,0.0,0.0,
2026-03-02,24865.69921875,DISTRIBUTION,0.67,low,-0.339,CONTRACTING_RANGE,1.03,0.0,-0.99,-0.027,-1.91,1.37,FALLING,CONTRACTION,low,0.0,,,0.0,0.0,
2026-03-06,24450.44921875,DISTRIBUTION,0.67,low,-0.234,CONTRACTING_RANGE,0.13,0.0,-0.578,-0.123,-3.52,1.06,FALLING,CONTRACTION,low,0.0,,,0.0,0.0,
2026-03-11,23866.849609375,DISTRIBUTION,0.67,low,-0.256,CONTRACTING_RANGE,0.02,0.0,-0.51,-0.259,-5.79,0.61,FALLING,CONTRACTION,low,1.0,DOJI,,0.0,0.0,
2026-03-16,23408.80078125,DISTRIBUTION,0.67,low,-0.291,CONTRACTING_RANGE,0.0,0.0,-0.501,-0.372,-7.51,0.08,FALLING,CONTRACTION,low,1.0,DOJI,,0.0,0.0,
2026-03-19,23002.150390625,CONTRACTION,0.67,low,-0.326,CONTRACTING_RANGE,0.0,0.0,-0.5,-0.478,-9.05,-0.51,FALLING,CONTRACTION,low,0.0,,,0.0,0.6,45
2026-03-24,22912.400390625,CONTRACTION,0.67,low,-0.341,CONTRACTING_RANGE,0.0,0.0,-0.5,-0.524,-9.31,-1.16,FALLING,CONTRACTION,low,1.0,DOJI,,0.0,0.6,49
2026-03-30,22331.400390625,CONTRACTION,1.0,low,-0.72,LOWER_HIGHS_LOWER_LOWS,0.0,-1.0,-0.5,-0.661,-11.49,-1.73,FALLING,CONTRACTION,low,1.0,DOJI,,0.0,0.0,
2026-04-06,22968.25,CONTRACTION,0.67,medium,-0.352,LOWER_HIGHS_LOWER_LOWS,50.0,-1.0,0.5,-0.556,-8.85,-2.28,RISING,ACCUMULATION,medium,0.0,,,0.0,0.0,
2026-04-09,23775.099609375,CONTRACTION,0.67,high,-0.157,LOWER_HIGHS_LOWER_LOWS,93.75,-1.0,0.938,-0.408,-5.58,-2.59,RISING,ACCUMULATION,high,0.0,,,0.0,0.0,
2026-04-15,24231.30078125,CONTRACTION,0.67,high,-0.117,LOWER_HIGHS_LOWER_LOWS,99.22,-1.0,0.977,-0.327,-3.72,-2.81,RISING,ACCUMULATION,high,0.0,,,0.0,0.0,
2026-04-20,24364.849609375,CONTRACTION,0.67,medium,-0.249,LOWER_HIGHS_LOWER_LOWS,99.9,-1.0,0.56,-0.307,-3.14,-3.0,RISING,ACCUMULATION,medium,0.0,,,0.0,0.0,
2026-04-23,24173.05078125,ACCUMULATION,0.67,medium,-0.282,LOWER_HIGHS_LOWER_LOWS,99.99,-1.0,0.507,-0.354,-3.83,-3.25,RISING,ACCUMULATION,medium,0.0,,,0.0,0.0,
2026-04-28,23995.69921875,ACCUMULATION,0.67,medium,-0.301,LOWER_HIGHS_LOWER_LOWS,100.0,-1.0,0.501,-0.403,-4.46,-3.61,RISING,ACCUMULATION,medium,0.0,,,0.0,0.0,
2026-05-04,24119.30078125,ACCUMULATION,0.67,medium,-0.297,LOWER_HIGHS_LOWER_LOWS,100.0,-1.0,0.5,-0.39,-3.88,-3.92,RISING,ACCUMULATION,medium,0.0,,,0.0,0.0,
2026-05-07,24326.650390625,ACCUMULATION,0.67,medium,-0.287,LOWER_HIGHS_LOWER_LOWS,100.0,-1.0,0.5,-0.361,-2.99,-4.22,RISING,ACCUMULATION,medium,1.0,DOJI,,0.0,0.0,
2026-05-12,23379.55078125,ACCUMULATION,0.67,low,-0.438,EXPANDING_RANGE_VOLATILE,25.0,0.0,-0.75,-0.563,-6.69,-4.57,FALLING,CONTRACTION,low,0.0,,,0.0,0.0,
2026-05-15,23643.5,ACCUMULATION,0.67,low,-0.498,EXPANDING_RANGE_VOLATILE,3.12,0.0,-0.969,-0.525,-5.56,-4.94,FALLING,CONTRACTION,low,0.0,,,0.0,0.0,
2026-05-20,23659.0,ACCUMULATION,0.67,low,-0.422,EXPANDING_RANGE_VOLATILE,0.39,0.0,-0.738,-0.528,-5.41,-5.14,FALLING,CONTRACTION,low,0.0,,,0.0,0.0,
2026-05-25,24031.69921875,ACCUMULATION,0.33,low,-0.137,EXPANDING_RANGE_VOLATILE,19.2,0.0,0.045,-0.455,-3.87,-5.23,RISING,ACCUMULATION,low,0.0,,,0.0,0.0,
2026-05-29,23547.75,ACCUMULATION,0.67,medium,0.117,EXPANDING_RANGE_VOLATILE,89.86,0.0,0.899,-0.548,-5.75,-5.21,RISING,ACCUMULATION,medium,0.0,,,0.0,0.0,
2026-06-03,23405.599609375,ACCUMULATION,0.33,low,-0.173,EXPANDING_RANGE_VOLATILE,57.92,0.0,0.049,-0.569,-6.25,-5.13,FALLING,ACCUMULATION,low,0.0,,,0.0,0.6,45
2026-06-08,23123.0,ACCUMULATION,0.67,low,-0.5,EXPANDING_RANGE_VOLATILE,11.78,0.0,-0.882,-0.619,-7.31,-5.06,FALLING,CONTRACTION,low,1.0,BULLISH_ENGULFING,,0.0,0.6,45
2026-06-11,23161.599609375,ACCUMULATION,0.67,low,-0.528,EXPANDING_RANGE_VOLATILE,1.47,0.0,-0.985,-0.6,-7.08,-4.91,FALLING,CONTRACTION,low,1.0,DOJI,,0.0,0.6,49
2026-06-16,23989.150390625,ACCUMULATION,0.67,low,0.423,HIGHER_HIGHS_HIGHER_LOWS,68.22,1.0,0.682,-0.412,-3.7,-4.55,RISING,EXPANSION,low,1.0,DOJI,,0.0,0.0,
2026-06-19,24013.099609375,ACCUMULATION,0.67,low,0.524,HIGHER_HIGHS_HIGHER_LOWS,96.03,1.0,0.96,-0.389,-3.55,-4.22,RISING,EXPANSION,low,0.0,,,0.0,0.0,
2026-06-24,24021.650390625,ACCUMULATION,0.67,low,0.473,HIGHER_HIGHS_HIGHER_LOWS,99.5,1.0,0.803,-0.383,-3.48,-4.18,RISING,EXPANSION,low,-1.0,DOJI,,0.0,0.0,
2026-06-30,23865.75,ACCUMULATION,0.67,low,0.375,HIGHER_HIGHS_HIGHER_LOWS,99.94,1.0,0.538,-0.412,-4.07,-4.17,RISING,EXPANSION,low,0.0,,,0.0,0.0,
2026-07-03,24270.849609375,EXPANSION,0.67,low,0.391,HIGHER_HIGHS_HIGHER_LOWS,99.99,1.0,0.505,-0.331,-2.4,-4.21,RISING,EXPANSION,low,0.0,,,0.0,0.0,
2026-07-08,23882.05078125,EXPANSION,0.33,low,0.032,HIGHER_HIGHS_HIGHER_LOWS,50.0,1.0,-0.5,-0.404,-3.93,-4.14,FALLING,DISTRIBUTION,low,0.0,,,0.0,0.0,
2026-07-13,24211.0,EXPANSION,0.33,low,0.077,HIGHER_HIGHS_HIGHER_LOWS,56.27,1.0,-0.437,-0.331,-2.54,-4.08,FALLING,DISTRIBUTION,low,0.0,,,0.0,0.0,
2026-07-16,24072.75,EXPANSION,0.67,low,0.511,HIGHER_HIGHS_HIGHER_LOWS,88.41,1.0,0.884,-0.351,-3.02,-4.0,RISING,EXPANSION,low,0.0,,,0.0,0.0,
2026-07-21,24187.69921875,EXPANSION,0.67,low,0.553,HIGHER_HIGHS_HIGHER_LOWS,98.05,1.0,0.981,-0.323,-2.51,-3.95,RISING,EXPANSION,low,0.0,,,0.0,-0.6,45
2026-07-24,23767.44921875,EXPANSION,0.67,medium,-0.092,HIGHER_HIGHS_HIGHER_LOWS,12.26,1.0,-0.877,-0.399,-4.15,-3.82,FALLING,DISTRIBUTION,medium,0.0,,,0.0,-0.6,45
2026-07-29,24250.19921875,EXPANSION,0.67,medium,-0.08,HIGHER_HIGHS_HIGHER_LOWS,5.22,1.0,-0.948,-0.292,-2.17,-3.68,FALLING,DISTRIBUTION,medium,0.0,,,0.0,-0.6,49
2026-08-03,24774.30078125,EXPANSION,0.67,low,0.455,HIGHER_HIGHS_HIGHER_LOWS,53.84,1.0,0.538,-0.173,-0.02,-3.44,RISING,EXPANSION,low,0.0,,,0.0,0.0,
2026-08-06,24636.0,EXPANSION,0.67,low,0.584,HIGHER_HIGHS_HIGHER_LOWS,93.85,1.0,0.939,-0.188,-0.54,-3.22,RISING,EXPANSION,low,-1.0,DOJI,,0.0,0.0,
2026-08-11,24471.69921875,EXPANSION,0.67,low,0.588,HIGHER_HIGHS_HIGHER_LOWS,99.23,1.0,0.969,-0.205,-1.15,-2.95,RISING,EXPANSION,low,-1.0,DOJI,,0.0,0.0,
2026-08-14,24366.0,EXPANSION,0.33,low,0.241,HIGHER_HIGHS_HIGHER_LOWS,78.89,1.0,-0.072,-0.206,-1.49,-2.63,FALLING,DISTRIBUTION,low,-1.0,DOJI,,0.0,0.0,
2026-08-19,24078.30078125,EXPANSION,0.67,medium,-0.048,HIGHER_HIGHS_HIGHER_LOWS,9.86,1.0,-0.901,-0.243,-2.56,-2.31,FALLING,DISTRIBUTION,medium,0.0,,,0.0,0.0,
2026-08-24,24219.05078125,EXPANSION,0.67,high,-0.061,HIGHER_HIGHS_HIGHER_LOWS,1.23,1.0,-0.988,-0.194,-1.88,-1.99,FALLING,DISTRIBUTION,high,1.0,DOJI,,0.0,0.0,
2026-08-27,24090.849609375,EXPANSION,0.33,medium,0.066,HIGHER_HIGHS_HIGHER_LOWS,0.15,1.0,-0.594,-0.208,-2.32,-1.84,FALLING,DISTRIBUTION,medium,1.0,BULLISH_ENGULFING,,0.0,0.0,
2026-09-01,24055.80078125,DISTRIBUTION,0.33,medium,0.094,HIGHER_HIGHS_HIGHER_LOWS,0.02,1.0,-0.512,-0.206,-2.37,-1.75,FALLING,DISTRIBUTION,medium,0.0,,,0.0,0.0,
2026-09-04,23901.44921875,DISTRIBUTION,0.33,low,0.091,HIGHER_HIGHS_HIGHER_LOWS,0.0,1.0,-0.501,-0.227,-2.89,-1.66,FALLING,DISTRIBUTION,low,0.0,,,0.0,-0.6,90
