date,close,cycle_phase,cycle_confidence,transition_risk,composite_score,zigzag_structure,stc_value
2019-01-23,10831.5,ACCUMULATION,0.67,low,0.587,HIGHER_HIGHS_HIGHER_LOWS,95.35
2019-01-28,10661.5498046875,CONTRACTION,0.33,low,0.088,HIGHER_HIGHS_HIGHER_LOWS,37.27
2019-01-31,10830.9501953125,CONTRACTION,0.33,low,0.004,HIGHER_HIGHS_HIGHER_LOWS,4.66
2019-02-05,10934.349609375,DISTRIBUTION,0.67,low,0.246,HIGHER_HIGHS_HIGHER_LOWS,19.82
2019-02-08,10943.599609375,EXPANSION,1.0,low,0.621,HIGHER_HIGHS_HIGHER_LOWS,84.04
2019-02-14,10746.0498046875,ACCUMULATION,0.67,medium,0.603,HIGHER_HIGHS_HIGHER_LOWS,87.95
2019-02-19,10604.349609375,CONTRACTION,0.33,low,0.021,HIGHER_HIGHS_HIGHER_LOWS,20.25
2019-02-22,10791.650390625,CONTRACTION,0.67,low,-0.008,HIGHER_HIGHS_HIGHER_LOWS,2.53
2019-02-27,10806.650390625,CONTRACTION,0.33,low,0.162,HIGHER_HIGHS_HIGHER_LOWS,7.68
2019-03-05,10987.4501953125,EXPANSION,1.0,low,0.584,HIGHER_HIGHS_HIGHER_LOWS,71.25
2019-03-08,11035.400390625,EXPANSION,1.0,low,0.676,HIGHER_HIGHS_HIGHER_LOWS,96.41
2019-03-13,11341.7001953125,EXPANSION,1.0,low,0.661,HIGHER_HIGHS_HIGHER_LOWS,99.55
2019-03-18,11462.2001953125,EXPANSION,1.0,low,0.601,HIGHER_HIGHS_HIGHER_LOWS,99.94
2019-03-22,11456.900390625,EXPANSION,1.0,low,0.593,HIGHER_HIGHS_HIGHER_LOWS,99.99
2019-03-27,11445.0498046875,EXPANSION,1.0,low,0.592,HIGHER_HIGHS_HIGHER_LOWS,100.0
2019-04-02,11713.2001953125,EXPANSION,1.0,low,0.635,HIGHER_HIGHS_HIGHER_LOWS,100.0
2019-04-05,11665.9501953125,EXPANSION,1.0,low,0.63,HIGHER_HIGHS_HIGHER_LOWS,100.0
2019-04-10,11584.2998046875,DISTRIBUTION,0.67,low,0.288,HIGHER_HIGHS_HIGHER_LOWS,50.0
2019-04-15,11690.349609375,DISTRIBUTION,0.67,high,0.162,HIGHER_HIGHS_HIGHER_LOWS,6.25
2019-04-22,11594.4501953125,DISTRIBUTION,0.67,low,0.389,HIGHER_HIGHS_HIGHER_LOWS,25.78
2019-04-25,11641.7998046875,DISTRIBUTION,0.67,high,0.151,HIGHER_HIGHS_HIGHER_LOWS,3.22
2019-05-02,11724.75,DISTRIBUTION,0.67,medium,0.239,HIGHER_HIGHS_HIGHER_LOWS,0.4
2019-05-07,11497.900390625,DISTRIBUTION,0.67,medium,0.28,HIGHER_HIGHS_HIGHER_LOWS,0.05
2019-05-10,11278.900390625,DISTRIBUTION,0.67,low,0.26,HIGHER_HIGHS_HIGHER_LOWS,0.01
2019-05-15,11157.0,DISTRIBUTION,0.67,low,0.245,HIGHER_HIGHS_HIGHER_LOWS,0.0
2019-05-20,11828.25,EXPANSION,1.0,low,0.683,HIGHER_HIGHS_HIGHER_LOWS,50.0
2019-05-23,11657.0498046875,EXPANSION,1.0,low,0.807,HIGHER_HIGHS_HIGHER_LOWS,93.75
2019-05-28,11928.75,EXPANSION,1.0,low,0.865,HIGHER_HIGHS_HIGHER_LOWS,99.22
2019-05-31,11922.7998046875,EXPANSION,1.0,low,0.727,HIGHER_HIGHS_HIGHER_LOWS,99.9
2019-06-06,11843.75,EXPANSION,1.0,low,0.691,HIGHER_HIGHS_HIGHER_LOWS,99.2
2019-06-11,11965.599609375,EXPANSION,1.0,low,0.604,HIGHER_HIGHS_HIGHER_LOWS,88.75
2019-06-14,11823.2998046875,DISTRIBUTION,0.67,high,0.255,HIGHER_HIGHS_HIGHER_LOWS,17.37
2019-06-19,11691.4501953125,DISTRIBUTION,0.67,high,0.183,HIGHER_HIGHS_HIGHER_LOWS,2.17
2019-06-24,11699.650390625,DISTRIBUTION,0.67,medium,0.289,HIGHER_HIGHS_HIGHER_LOWS,0.27
2019-06-27,11841.5498046875,DISTRIBUTION,0.67,medium,0.359,HIGHER_HIGHS_HIGHER_LOWS,0.03
2019-07-02,11910.2998046875,DISTRIBUTION,0.67,low,0.508,HIGHER_HIGHS_HIGHER_LOWS,13.2
2019-07-05,11811.150390625,EXPANSION,1.0,low,0.752,HIGHER_HIGHS_HIGHER_LOWS,66.92
2019-07-10,11498.900390625,DISTRIBUTION,0.67,medium,0.21,HIGHER_HIGHS_HIGHER_LOWS,18.62
2019-07-15,11588.349609375,DISTRIBUTION,0.67,high,0.169,HIGHER_HIGHS_HIGHER_LOWS,3.11
2019-07-18,11596.900390625,DISTRIBUTION,0.67,medium,0.258,HIGHER_HIGHS_HIGHER_LOWS,0.39
2019-07-23,11331.0498046875,DISTRIBUTION,0.67,low,0.276,HIGHER_HIGHS_HIGHER_LOWS,0.05
2019-07-26,11284.2998046875,DISTRIBUTION,0.67,low,0.277,HIGHER_HIGHS_HIGHER_LOWS,0.01
2019-07-31,11118.0,DISTRIBUTION,0.67,low,0.248,HIGHER_HIGHS_HIGHER_LOWS,0.0
2019-08-05,10862.599609375,DISTRIBUTION,0.67,low,0.199,HIGHER_HIGHS_HIGHER_LOWS,0.0
2019-08-08,11032.4501953125,DISTRIBUTION,0.67,low,0.214,HIGHER_HIGHS_HIGHER_LOWS,0.0
2019-08-14,11029.400390625,EXPANSION,1.0,low,0.494,HIGHER_HIGHS_HIGHER_LOWS,37.5
2019-08-20,11017.0,EXPANSION,1.0,low,0.663,HIGHER_HIGHS_HIGHER_LOWS,92.19
2019-08-23,10829.349609375,CONTRACTION,0.33,low,0.082,HIGHER_HIGHS_HIGHER_LOWS,30.27
2019-08-28,11046.099609375,EXPANSION,1.0,low,0.276,EXPANDING_RANGE_VOLATILE,91.28
2019-09-03,10797.900390625,ACCUMULATION,0.67,medium,0.276,EXPANDING_RANGE_VOLATILE,95.73
2019-09-06,10946.2001953125,ACCUMULATION,0.67,low,0.042,EXPANDING_RANGE_VOLATILE,87.56
2019-09-12,10982.7998046875,ACCUMULATION,0.67,low,0.171,EXPANDING_RANGE_VOLATILE,98.05
2019-09-17,10817.599609375,ACCUMULATION,0.67,low,0.068,EXPANDING_RANGE_VOLATILE,91.66
2019-09-20,11274.2001953125,CONTRACTION,0.67,low,-0.169,CONTRACTING_RANGE,51.8
2019-09-25,11440.2001953125,EXPANSION,1.0,low,0.18,CONTRACTING_RANGE,87.08
2019-09-30,11474.4501953125,EXPANSION,1.0,low,0.342,CONTRACTING_RANGE,98.38
2019-10-04,11174.75,ACCUMULATION,0.67,low,0.452,HIGHER_HIGHS_HIGHER_LOWS,94.44
2019-10-10,11234.5498046875,CONTRACTION,0.33,low,0.016,HIGHER_HIGHS_HIGHER_LOWS,14.0
2019-10-15,11428.2998046875,ACCUMULATION,0.67,low,0.514,HIGHER_HIGHS_HIGHER_LOWS,71.09
2019-10-18,11661.849609375,EXPANSION,1.0,low,0.683,HIGHER_HIGHS_HIGHER_LOWS,95.13
2019-10-24,11582.599609375,EXPANSION,1.0,low,0.632,HIGHER_HIGHS_HIGHER_LOWS,99.39
2019-10-30,11844.099609375,EXPANSION,1.0,low,0.579,HIGHER_HIGHS_HIGHER_LOWS,99.92
2019-11-04,11941.2998046875,EXPANSION,1.0,low,0.583,HIGHER_HIGHS_HIGHER_LOWS,99.99
2019-11-07,12012.0498046875,EXPANSION,1.0,low,0.595,HIGHER_HIGHS_HIGHER_LOWS,100.0
2019-11-13,11840.4501953125,DISTRIBUTION,0.67,low,0.24,HIGHER_HIGHS_HIGHER_LOWS,50.0
2019-11-18,11884.5,DISTRIBUTION,0.67,medium,0.104,HIGHER_HIGHS_HIGHER_LOWS,6.25
2019-11-21,11968.400390625,EXPANSION,1.0,low,0.603,HIGHER_HIGHS_HIGHER_LOWS,50.78
2019-11-26,12037.7001953125,EXPANSION,1.0,low,0.64,HIGHER_HIGHS_HIGHER_LOWS,57.57
2019-11-29,12056.0498046875,EXPANSION,1.0,low,0.751,HIGHER_HIGHS_HIGHER_LOWS,89.31
2019-12-04,12043.2001953125,DISTRIBUTION,0.67,medium,0.187,HIGHER_HIGHS_HIGHER_LOWS,19.39
2019-12-09,11937.5,DISTRIBUTION,0.67,medium,0.118,HIGHER_HIGHS_HIGHER_LOWS,2.42
2019-12-12,11971.7998046875,DISTRIBUTION,0.67,medium,0.219,HIGHER_HIGHS_HIGHER_LOWS,0.3
2019-12-17,12165.0,DISTRIBUTION,0.67,low,0.338,HIGHER_HIGHS_HIGHER_LOWS,3.79
2019-12-20,12271.7998046875,EXPANSION,1.0,low,0.764,HIGHER_HIGHS_HIGHER_LOWS,81.59
2019-12-26,12126.5498046875,EXPANSION,1.0,low,0.791,HIGHER_HIGHS_HIGHER_LOWS,95.38
2019-12-31,12168.4501953125,EXPANSION,1.0,low,0.617,HIGHER_HIGHS_HIGHER_LOWS,90.96
2020-01-03,12226.650390625,DISTRIBUTION,0.67,medium,0.218,HIGHER_HIGHS_HIGHER_LOWS,19.33
2020-01-08,12025.349609375,DISTRIBUTION,0.67,medium,0.133,HIGHER_HIGHS_HIGHER_LOWS,2.42
2020-01-13,12329.5498046875,DISTRIBUTION,0.67,medium,0.316,HIGHER_HIGHS_HIGHER_LOWS,4.61
2020-01-16,12355.5,EXPANSION,1.0,low,0.749,HIGHER_HIGHS_HIGHER_LOWS,73.3
2020-01-21,12169.849609375,EXPANSION,1.0,low,0.739,HIGHER_HIGHS_HIGHER_LOWS,78.48
2020-01-24,12248.25,DISTRIBUTION,0.67,medium,0.211,HIGHER_HIGHS_HIGHER_LOWS,17.09
2020-01-29,12129.5,DISTRIBUTION,0.67,high,0.144,HIGHER_HIGHS_HIGHER_LOWS,2.14
2020-02-03,11707.900390625,DISTRIBUTION,0.67,low,0.187,HIGHER_HIGHS_HIGHER_LOWS,0.27
2020-02-06,12137.9501953125,DISTRIBUTION,0.67,low,0.308,HIGHER_HIGHS_HIGHER_LOWS,1.42
2020-02-11,12107.900390625,DISTRIBUTION,0.67,low,0.303,HIGHER_HIGHS_HIGHER_LOWS,0.89
2020-02-14,12113.4501953125,EXPANSION,1.0,low,0.754,HIGHER_HIGHS_HIGHER_LOWS,87.61
2020-02-19,12125.900390625,DISTRIBUTION,0.67,low,0.298,HIGHER_HIGHS_HIGHER_LOWS,33.78
2020-02-25,11797.900390625,DISTRIBUTION,0.67,medium,0.108,HIGHER_HIGHS_HIGHER_LOWS,8.02
2020-02-28,11201.75,CONTRACTION,0.67,low,-0.313,CONTRACTING_RANGE,1.0
2020-03-04,11251.0,CONTRACTION,0.67,low,-0.203,CONTRACTING_RANGE,0.13
2020-03-09,10451.4501953125,CONTRACTION,0.67,low,-0.305,CONTRACTING_RANGE,0.02
2020-03-13,9955.2001953125,CONTRACTION,0.67,low,-0.385,CONTRACTING_RANGE,0.0
2020-03-18,8468.7998046875,CONTRACTION,1.0,low,-0.833,LOWER_HIGHS_LOWER_LOWS,0.0
2020-03-23,7610.25,CONTRACTION,1.0,low,-0.833,LOWER_HIGHS_LOWER_LOWS,0.0
2020-03-26,8641.4501953125,CONTRACTION,1.0,low,-0.833,LOWER_HIGHS_LOWER_LOWS,0.0
2020-03-31,8597.75,CONTRACTION,0.67,low,-0.167,HIGHER_HIGHS_HIGHER_LOWS,0.0
2020-04-07,8792.2001953125,ACCUMULATION,0.67,high,-0.5,LOWER_HIGHS_LOWER_LOWS,50.0
2020-04-13,8993.849609375,ACCUMULATION,0.67,high,-0.354,LOWER_HIGHS_LOWER_LOWS,93.75
2020-04-17,9266.75,ACCUMULATION,0.67,high,0.326,HIGHER_HIGHS_HIGHER_LOWS,99.22
2020-04-22,9187.2998046875,ACCUMULATION,0.67,high,0.187,HIGHER_HIGHS_HIGHER_LOWS,99.9
2020-04-27,9282.2998046875,ACCUMULATION,0.67,high,0.169,HIGHER_HIGHS_HIGHER_LOWS,99.99
2020-04-30,9859.900390625,ACCUMULATION,0.67,high,0.167,HIGHER_HIGHS_HIGHER_LOWS,100.0
2020-05-06,9270.900390625,ACCUMULATION,0.67,high,0.167,HIGHER_HIGHS_HIGHER_LOWS,100.0
2020-05-11,9239.2001953125,ACCUMULATION,0.67,high,0.167,HIGHER_HIGHS_HIGHER_LOWS,100.0
2020-05-14,9142.75,ACCUMULATION,0.33,high,-0.167,CONTRACTING_RANGE,100.0
2020-05-19,8879.099609375,CONTRACTION,0.67,low,-0.583,CONTRACTING_RANGE,25.0
2020-05-22,9039.25,CONTRACTION,1.0,low,-0.76,LOWER_HIGHS_LOWER_LOWS,71.88
2020-05-28,9490.099609375,ACCUMULATION,0.67,high,-0.353,LOWER_HIGHS_LOWER_LOWS,94.14
2020-06-02,9979.099609375,ACCUMULATION,0.67,high,-0.394,LOWER_HIGHS_LOWER_LOWS,99.17
2020-06-05,10142.150390625,ACCUMULATION,0.67,high,-0.479,LOWER_HIGHS_LOWER_LOWS,99.9
2020-06-10,10116.150390625,ACCUMULATION,0.67,high,-0.497,LOWER_HIGHS_LOWER_LOWS,99.99
2020-06-15,9813.7001953125,ACCUMULATION,0.67,high,0.167,HIGHER_HIGHS_HIGHER_LOWS,100.0
2020-06-18,10091.650390625,ACCUMULATION,0.67,high,0.167,HIGHER_HIGHS_HIGHER_LOWS,100.0
2020-06-23,10471.0,ACCUMULATION,0.67,medium,0.219,HIGHER_HIGHS_HIGHER_LOWS,100.0
2020-06-26,10383.0,ACCUMULATION,0.67,medium,0.22,HIGHER_HIGHS_HIGHER_LOWS,100.0
2020-07-01,10430.0498046875,ACCUMULATION,0.67,medium,0.241,HIGHER_HIGHS_HIGHER_LOWS,100.0
2020-07-06,10763.650390625,ACCUMULATION,0.67,medium,0.306,HIGHER_HIGHS_HIGHER_LOWS,100.0
2020-07-09,10813.4501953125,ACCUMULATION,0.67,medium,0.329,HIGHER_HIGHS_HIGHER_LOWS,100.0
2020-07-14,10607.349609375,CONTRACTION,0.67,low,-0.025,HIGHER_HIGHS_HIGHER_LOWS,50.0
2020-07-17,10901.7001953125,CONTRACTION,0.67,low,-0.026,HIGHER_HIGHS_HIGHER_LOWS,31.25
2020-07-22,11132.599609375,ACCUMULATION,0.67,medium,0.531,HIGHER_HIGHS_HIGHER_LOWS,82.03
2020-07-27,11131.7998046875,ACCUMULATION,0.67,medium,0.6,HIGHER_HIGHS_HIGHER_LOWS,96.97
2020-07-30,11102.150390625,CONTRACTION,0.33,low,0.139,HIGHER_HIGHS_HIGHER_LOWS,53.81
2020-08-04,11095.25,CONTRACTION,0.33,low,0.001,HIGHER_HIGHS_HIGHER_LOWS,6.73
2020-08-07,11214.0498046875,DISTRIBUTION,0.67,medium,0.016,HIGHER_HIGHS_HIGHER_LOWS,0.84
2020-08-12,11308.400390625,DISTRIBUTION,0.67,low,0.192,HIGHER_HIGHS_HIGHER_LOWS,0.65
2020-08-17,11247.099609375,DISTRIBUTION,0.67,low,0.209,HIGHER_HIGHS_HIGHER_LOWS,0.08
2020-08-20,11312.2001953125,DISTRIBUTION,0.67,low,0.397,HIGHER_HIGHS_HIGHER_LOWS,16.39
2020-08-25,11472.25,EXPANSION,1.0,low,0.547,HIGHER_HIGHS_HIGHER_LOWS,31.13
2020-08-28,11647.599609375,EXPANSION,1.0,low,0.791,HIGHER_HIGHS_HIGHER_LOWS,91.39
2020-09-02,11535.0,DISTRIBUTION,0.67,medium,0.245,HIGHER_HIGHS_HIGHER_LOWS,29.19
2020-09-07,11355.0498046875,DISTRIBUTION,0.67,high,0.147,HIGHER_HIGHS_HIGHER_LOWS,4.27
2020-09-10,11449.25,DISTRIBUTION,0.67,medium,0.217,HIGHER_HIGHS_HIGHER_LOWS,0.53
2020-09-15,11521.7998046875,DISTRIBUTION,0.67,medium,0.332,HIGHER_HIGHS_HIGHER_LOWS,0.07
2020-09-18,11504.9501953125,DISTRIBUTION,0.67,low,0.446,HIGHER_HIGHS_HIGHER_LOWS,9.42
2020-09-23,11131.849609375,DISTRIBUTION,0.67,medium,0.296,HIGHER_HIGHS_HIGHER_LOWS,3.06
2020-09-28,11227.5498046875,DISTRIBUTION,0.33,medium,-0.066,EXPANDING_RANGE_VOLATILE,0.38
2020-10-01,11416.9501953125,EXPANSION,1.0,low,0.359,EXPANDING_RANGE_VOLATILE,50.05
2020-10-07,11738.849609375,EXPANSION,1.0,low,0.561,EXPANDING_RANGE_VOLATILE,93.76
2020-10-12,11930.9501953125,EXPANSION,1.0,low,0.613,EXPANDING_RANGE_VOLATILE,99.22
2020-10-15,11680.349609375,EXPANSION,1.0,low,0.442,EXPANDING_RANGE_VOLATILE,99.71
2020-10-20,11896.7998046875,EXPANSION,1.0,low,0.467,EXPANDING_RANGE_VOLATILE,99.9
2020-10-23,11930.349609375,EXPANSION,1.0,low,0.48,EXPANDING_RANGE_VOLATILE,99.99
2020-10-28,11729.599609375,DISTRIBUTION,0.33,high,-0.005,EXPANDING_RANGE_VOLATILE,12.5
2020-11-02,11669.150390625,DISTRIBUTION,0.33,high,-0.045,EXPANDING_RANGE_VOLATILE,1.56
2020-11-05,12120.2998046875,DISTRIBUTION,0.67,high,0.518,HIGHER_HIGHS_HIGHER_LOWS,5.93
2020-11-10,12631.099609375,EXPANSION,1.0,low,0.927,HIGHER_HIGHS_HIGHER_LOWS,78.15
2020-11-13,12719.9501953125,EXPANSION,1.0,low,0.991,HIGHER_HIGHS_HIGHER_LOWS,97.27
2020-11-19,12771.7001953125,EXPANSION,1.0,low,0.903,HIGHER_HIGHS_HIGHER_LOWS,99.66
2020-11-24,13055.150390625,EXPANSION,1.0,low,0.842,HIGHER_HIGHS_HIGHER_LOWS,99.96
2020-11-27,12968.9501953125,EXPANSION,1.0,low,0.834,HIGHER_HIGHS_HIGHER_LOWS,99.99
2020-12-03,13133.900390625,EXPANSION,1.0,low,0.833,HIGHER_HIGHS_HIGHER_LOWS,100.0
2020-12-08,13392.9501953125,EXPANSION,1.0,low,0.833,HIGHER_HIGHS_HIGHER_LOWS,100.0
2020-12-11,13513.849609375,EXPANSION,1.0,low,0.833,HIGHER_HIGHS_HIGHER_LOWS,100.0
2020-12-16,13682.7001953125,EXPANSION,1.0,low,0.833,HIGHER_HIGHS_HIGHER_LOWS,100.0
2020-12-21,13328.400390625,DISTRIBUTION,0.67,high,0.5,HIGHER_HIGHS_HIGHER_LOWS,50.0
2020-12-24,13749.25,DISTRIBUTION,0.67,high,0.354,HIGHER_HIGHS_HIGHER_LOWS,6.25
2020-12-30,13981.9501953125,DISTRIBUTION,0.67,high,0.512,HIGHER_HIGHS_HIGHER_LOWS,17.89
2021-01-04,14132.900390625,EXPANSION,1.0,low,0.9,HIGHER_HIGHS_HIGHER_LOWS,70.05
2021-01-07,14137.349609375,EXPANSION,1.0,low,0.988,HIGHER_HIGHS_HIGHER_LOWS,96.26
2021-01-12,14563.4501953125,EXPANSION,1.0,low,0.928,HIGHER_HIGHS_HIGHER_LOWS,99.53
2021-01-15,14433.7001953125,EXPANSION,1.0,low,0.743,HIGHER_HIGHS_HIGHER_LOWS,89.73
2021-01-20,14644.7001953125,DISTRIBUTION,0.67,high,0.371,HIGHER_HIGHS_HIGHER_LOWS,11.22
2021-01-25,14238.900390625,DISTRIBUTION,0.67,high,0.338,HIGHER_HIGHS_HIGHER_LOWS,1.4
2021-01-29,13634.599609375,DISTRIBUTION,0.67,high,0.464,HIGHER_HIGHS_HIGHER_LOWS,0.18
2021-02-03,14789.9501953125,DISTRIBUTION,0.67,medium,0.552,HIGHER_HIGHS_HIGHER_LOWS,5.69
2021-02-08,15115.7998046875,EXPANSION,1.0,low,0.908,HIGHER_HIGHS_HIGHER_LOWS,72.36
2021-02-11,15173.2998046875,EXPANSION,1.0,low,0.988,HIGHER_HIGHS_HIGHER_LOWS,96.55
2021-02-16,15313.4501953125,EXPANSION,1.0,low,0.921,HIGHER_HIGHS_HIGHER_LOWS,99.57
2021-02-19,14981.75,EXPANSION,1.0,low,0.71,HIGHER_HIGHS_HIGHER_LOWS,86.47
2021-02-24,14982.0,DISTRIBUTION,0.67,high,0.369,HIGHER_HIGHS_HIGHER_LOWS,10.81
2021-03-01,14761.5498046875,DISTRIBUTION,0.67,high,0.005,CONTRACTING_RANGE,1.35
2021-03-04,15080.75,DISTRIBUTION,0.67,high,-0.197,LOWER_HIGHS_LOWER_LOWS,0.58
2021-03-09,15098.400390625,DISTRIBUTION,0.67,high,-0.17,LOWER_HIGHS_LOWER_LOWS,0.07
2021-03-15,14929.5,DISTRIBUTION,0.67,high,-0.169,LOWER_HIGHS_LOWER_LOWS,0.01
2021-03-18,14557.849609375,DISTRIBUTION,0.67,high,0.166,EXPANDING_RANGE_VOLATILE,0.0
2021-03-23,14814.75,DISTRIBUTION,0.67,high,0.167,EXPANDING_RANGE_VOLATILE,0.0
2021-03-26,14507.2998046875,DISTRIBUTION,0.67,high,0.167,EXPANDING_RANGE_VOLATILE,0.0
2021-04-01,14867.349609375,DISTRIBUTION,0.67,high,0.167,EXPANDING_RANGE_VOLATILE,0.0
2021-04-07,14819.0498046875,DISTRIBUTION,0.67,high,0.167,EXPANDING_RANGE_VOLATILE,0.0
2021-04-12,14310.7998046875,EXPANSION,0.67,low,0.125,LOWER_HIGHS_LOWER_LOWS,37.5
2021-04-16,14617.849609375,DISTRIBUTION,0.67,high,-0.302,LOWER_HIGHS_LOWER_LOWS,9.37
2021-04-22,14406.150390625,DISTRIBUTION,0.67,high,-0.316,LOWER_HIGHS_LOWER_LOWS,1.76
2021-04-27,14653.0498046875,EXPANSION,0.67,low,0.167,LOWER_HIGHS_LOWER_LOWS,50.22
2021-04-30,14631.099609375,EXPANSION,0.67,low,0.313,LOWER_HIGHS_LOWER_LOWS,93.78
2021-05-05,14617.849609375,EXPANSION,1.0,low,0.658,EXPANDING_RANGE_VOLATILE,99.22
2021-05-10,14942.349609375,EXPANSION,1.0,low,0.52,EXPANDING_RANGE_VOLATILE,99.9
2021-05-14,14677.7998046875,EXPANSION,1.0,low,0.472,EXPANDING_RANGE_VOLATILE,96.95
2021-05-19,15030.150390625,EXPANSION,1.0,low,0.83,HIGHER_HIGHS_HIGHER_LOWS,99.62
2021-05-24,15197.7001953125,EXPANSION,1.0,low,0.843,HIGHER_HIGHS_HIGHER_LOWS,99.95
2021-05-27,15337.849609375,EXPANSION,1.0,low,0.835,HIGHER_HIGHS_HIGHER_LOWS,99.99
2021-06-01,15574.849609375,EXPANSION,1.0,low,0.833,HIGHER_HIGHS_HIGHER_LOWS,100.0
2021-06-04,15670.25,EXPANSION,1.0,low,0.833,HIGHER_HIGHS_HIGHER_LOWS,100.0
2021-06-09,15635.349609375,EXPANSION,1.0,low,0.833,HIGHER_HIGHS_HIGHER_LOWS,100.0
2021-06-14,15811.849609375,EXPANSION,1.0,low,0.833,HIGHER_HIGHS_HIGHER_LOWS,100.0
2021-06-17,15691.400390625,DISTRIBUTION,0.67,high,0.5,HIGHER_HIGHS_HIGHER_LOWS,50.0
2021-06-22,15772.75,DISTRIBUTION,0.67,high,0.354,HIGHER_HIGHS_HIGHER_LOWS,6.25
2021-06-25,15860.349609375,DISTRIBUTION,0.67,high,0.341,HIGHER_HIGHS_HIGHER_LOWS,0.78
2021-06-30,15721.5,DISTRIBUTION,0.67,high,0.48,HIGHER_HIGHS_HIGHER_LOWS,0.1
2021-07-05,15834.349609375,DISTRIBUTION,0.67,high,0.498,HIGHER_HIGHS_HIGHER_LOWS,0.01
2021-07-08,15727.900390625,DISTRIBUTION,0.67,high,0.5,HIGHER_HIGHS_HIGHER_LOWS,0.0
2021-07-13,15812.349609375,DISTRIBUTION,0.67,high,0.5,HIGHER_HIGHS_HIGHER_LOWS,0.0
2021-07-16,15923.400390625,EXPANSION,1.0,low,0.911,HIGHER_HIGHS_HIGHER_LOWS,73.33
2021-07-22,15824.0498046875,EXPANSION,1.0,low,0.757,HIGHER_HIGHS_HIGHER_LOWS,27.09
2021-07-27,15746.4501953125,DISTRIBUTION,0.67,high,0.336,HIGHER_HIGHS_HIGHER_LOWS,5.4
2021-07-30,15763.0498046875,DISTRIBUTION,0.67,high,0.375,HIGHER_HIGHS_HIGHER_LOWS,0.73
2021-08-04,16258.7998046875,EXPANSION,1.0,low,0.917,HIGHER_HIGHS_HIGHER_LOWS,75.09
2021-08-09,16258.25,EXPANSION,1.0,low,0.99,HIGHER_HIGHS_HIGHER_LOWS,96.89
2021-08-12,16364.400390625,EXPANSION,1.0,low,0.912,HIGHER_HIGHS_HIGHER_LOWS,99.61
2021-08-17,16614.599609375,EXPANSION,1.0,low,0.843,HIGHER_HIGHS_HIGHER_LOWS,99.95
2021-08-23,16496.44921875,EXPANSION,1.0,low,0.835,HIGHER_HIGHS_HIGHER_LOWS,99.99
2021-08-26,16636.900390625,EXPANSION,1.0,low,0.833,HIGHER_HIGHS_HIGHER_LOWS,100.0
2021-08-31,17132.19921875,EXPANSION,1.0,low,0.833,HIGHER_HIGHS_HIGHER_LOWS,100.0
2021-09-03,17323.599609375,EXPANSION,1.0,low,0.833,HIGHER_HIGHS_HIGHER_LOWS,100.0
2021-09-08,17353.5,EXPANSION,1.0,low,0.833,HIGHER_HIGHS_HIGHER_LOWS,100.0
2021-09-14,17380.0,EXPANSION,1.0,low,0.833,HIGHER_HIGHS_HIGHER_LOWS,100.0
2021-09-17,17585.150390625,EXPANSION,1.0,low,0.833,HIGHER_HIGHS_HIGHER_LOWS,100.0
2021-09-22,17546.650390625,DISTRIBUTION,0.67,high,0.375,HIGHER_HIGHS_HIGHER_LOWS,12.5
2021-09-27,17855.099609375,EXPANSION,1.0,low,0.87,HIGHER_HIGHS_HIGHER_LOWS,70.31
2021-09-30,17618.150390625,DISTRIBUTION,0.67,high,0.473,HIGHER_HIGHS_HIGHER_LOWS,18.15
2021-10-05,17822.30078125,DISTRIBUTION,0.67,high,0.341,HIGHER_HIGHS_HIGHER_LOWS,2.27
2021-10-08,17895.19921875,DISTRIBUTION,0.67,high,0.442,HIGHER_HIGHS_HIGHER_LOWS,0.28
2021-10-13,18161.75,DISTRIBUTION,0.67,medium,0.577,HIGHER_HIGHS_HIGHER_LOWS,8.44
2021-10-19,18418.75,EXPANSION,1.0,low,0.962,HIGHER_HIGHS_HIGHER_LOWS,88.55
2021-10-22,18114.900390625,EXPANSION,1.0,low,0.967,HIGHER_HIGHS_HIGHER_LOWS,90.08
2021-10-27,18210.94921875,DISTRIBUTION,0.67,high,0.482,HIGHER_HIGHS_HIGHER_LOWS,44.58
2021-11-01,17929.650390625,DISTRIBUTION,0.67,high,0.352,HIGHER_HIGHS_HIGHER_LOWS,5.57
2021-11-04,17916.80078125,DISTRIBUTION,0.67,high,0.358,HIGHER_HIGHS_HIGHER_LOWS,0.7
2021-11-10,18017.19921875,DISTRIBUTION,0.67,high,0.482,HIGHER_HIGHS_HIGHER_LOWS,0.09
2021-11-15,18109.44921875,DISTRIBUTION,0.67,high,0.498,HIGHER_HIGHS_HIGHER_LOWS,0.01
2021-11-18,17764.80078125,DISTRIBUTION,0.67,high,0.5,HIGHER_HIGHS_HIGHER_LOWS,0.0
2021-11-24,17415.05078125,DISTRIBUTION,0.67,high,0.495,HIGHER_HIGHS_HIGHER_LOWS,0.0
2021-11-29,17053.94921875,DISTRIBUTION,0.67,medium,0.448,HIGHER_HIGHS_HIGHER_LOWS,0.0
2021-12-02,17401.650390625,DISTRIBUTION,0.67,high,0.474,HIGHER_HIGHS_HIGHER_LOWS,0.0
2021-12-07,17176.69921875,DISTRIBUTION,0.67,medium,0.441,HIGHER_HIGHS_HIGHER_LOWS,0.0
2021-12-10,17511.30078125,EXPANSION,1.0,low,0.924,HIGHER_HIGHS_HIGHER_LOWS,87.5
2021-12-15,17221.400390625,EXPANSION,1.0,low,0.785,HIGHER_HIGHS_HIGHER_LOWS,69.24
2021-12-20,16614.19921875,DISTRIBUTION,0.33,high,-0.09,CONTRACTING_RANGE,17.24
2021-12-23,17072.599609375,DISTRIBUTION,0.67,high,-0.439,LOWER_HIGHS_LOWER_LOWS,2.16
2021-12-28,17233.25,EXPANSION,0.67,low,0.059,LOWER_HIGHS_LOWER_LOWS,50.84
2021-12-31,17354.05078125,EXPANSION,0.67,low,0.201,LOWER_HIGHS_LOWER_LOWS,93.86
2022-01-05,17925.25,EXPANSION,0.67,low,0.258,LOWER_HIGHS_LOWER_LOWS,99.23
2022-01-10,18003.30078125,EXPANSION,0.67,low,0.117,LOWER_HIGHS_LOWER_LOWS,99.9
2022-01-13,18257.80078125,EXPANSION,0.67,low,0.116,LOWER_HIGHS_LOWER_LOWS,99.99
2022-01-18,18113.05078125,EXPANSION,0.67,low,0.089,LOWER_HIGHS_LOWER_LOWS,100.0
2022-01-21,17617.150390625,DISTRIBUTION,0.33,medium,-0.055,EXPANDING_RANGE_VOLATILE,25.0
2022-01-27,17110.150390625,DISTRIBUTION,0.33,high,-0.192,EXPANDING_RANGE_VOLATILE,3.12
2022-02-01,17576.849609375,DISTRIBUTION,0.67,medium,0.254,HIGHER_HIGHS_HIGHER_LOWS,0.39
2022-02-04,17516.30078125,DISTRIBUTION,0.67,medium,0.32,HIGHER_HIGHS_HIGHER_LOWS,1.16
2022-02-09,17463.80078125,DISTRIBUTION,0.33,medium,-0.033,CONTRACTING_RANGE,0.15
2022-02-14,16842.80078125,EXPANSION,1.0,low,0.16,CONTRACTING_RANGE,27.04
2022-02-17,17304.599609375,DISTRIBUTION,0.67,medium,-0.517,LOWER_HIGHS_LOWER_LOWS,4.03
2022-02-22,17092.19921875,DISTRIBUTION,0.67,medium,-0.524,LOWER_HIGHS_LOWER_LOWS,0.5
2022-02-25,16658.400390625,DISTRIBUTION,0.67,low,-0.487,LOWER_HIGHS_LOWER_LOWS,0.06
2022-03-03,16498.05078125,DISTRIBUTION,0.67,low,-0.498,LOWER_HIGHS_LOWER_LOWS,0.01
2022-03-08,16013.4501953125,CONTRACTION,1.0,low,-0.553,LOWER_HIGHS_LOWER_LOWS,0.0
2022-03-11,16630.44921875,EXPANSION,0.33,low,-0.083,LOWER_HIGHS_LOWER_LOWS,75.0
2022-03-16,16975.349609375,EXPANSION,0.67,low,0.016,LOWER_HIGHS_LOWER_LOWS,96.88
2022-03-22,17315.5,EXPANSION,0.33,low,-0.036,LOWER_HIGHS_LOWER_LOWS,99.61
2022-03-25,17153.0,EXPANSION,0.33,low,-0.13,LOWER_HIGHS_LOWER_LOWS,99.95
2022-03-30,17498.25,EXPANSION,0.33,low,-0.115,LOWER_HIGHS_LOWER_LOWS,99.99
2022-04-04,18053.400390625,EXPANSION,0.33,low,-0.07,LOWER_HIGHS_LOWER_LOWS,100.0
2022-04-07,17639.55078125,EXPANSION,0.33,low,-0.115,LOWER_HIGHS_LOWER_LOWS,100.0
2022-04-12,17530.30078125,EXPANSION,0.33,low,-0.128,LOWER_HIGHS_LOWER_LOWS,100.0
2022-04-19,16958.650390625,CONTRACTION,0.67,low,-0.315,EXPANDING_RANGE_VOLATILE,12.5
2022-04-22,17171.94921875,CONTRACTION,0.67,low,-0.336,EXPANDING_RANGE_VOLATILE,1.56
2022-04-27,17038.400390625,CONTRACTION,0.67,low,-0.233,EXPANDING_RANGE_VOLATILE,0.2
2022-05-02,17069.099609375,CONTRACTION,0.67,low,-0.2,EXPANDING_RANGE_VOLATILE,0.02
2022-05-06,16411.25,CONTRACTION,0.67,low,-0.266,EXPANDING_RANGE_VOLATILE,0.0
2022-05-11,16167.099609375,CONTRACTION,0.67,low,-0.295,EXPANDING_RANGE_VOLATILE,0.0
2022-05-16,15842.2998046875,CONTRACTION,0.67,low,-0.331,EXPANDING_RANGE_VOLATILE,0.0
2022-05-19,15809.400390625,CONTRACTION,0.67,low,-0.003,HIGHER_HIGHS_HIGHER_LOWS,0.0
2022-05-24,16125.150390625,ACCUMULATION,0.67,medium,0.402,HIGHER_HIGHS_HIGHER_LOWS,62.5
2022-05-27,16352.4501953125,ACCUMULATION,0.67,medium,0.499,HIGHER_HIGHS_HIGHER_LOWS,85.94
2022-06-01,16522.75,ACCUMULATION,0.67,medium,0.553,HIGHER_HIGHS_HIGHER_LOWS,98.24
2022-06-06,16569.55078125,ACCUMULATION,0.67,medium,0.437,HIGHER_HIGHS_HIGHER_LOWS,99.78
2022-06-09,16478.099609375,ACCUMULATION,0.67,low,0.385,HIGHER_HIGHS_HIGHER_LOWS,99.97
2022-06-14,15732.099609375,CONTRACTION,0.67,low,-0.437,CONTRACTING_RANGE,28.69
2022-06-17,15293.5,CONTRACTION,0.67,low,-0.574,CONTRACTING_RANGE,3.59
2022-06-22,15413.2998046875,CONTRACTION,0.67,low,-0.508,CONTRACTING_RANGE,0.45
2022-06-27,15832.0498046875,CONTRACTION,1.0,low,-0.673,LOWER_HIGHS_LOWER_LOWS,5.53
2022-06-30,15780.25,ACCUMULATION,0.67,high,-0.284,LOWER_HIGHS_LOWER_LOWS,82.19
2022-07-05,15810.849609375,ACCUMULATION,0.67,high,-0.232,LOWER_HIGHS_LOWER_LOWS,97.77
2022-07-08,16220.599609375,ACCUMULATION,0.67,medium,-0.297,LOWER_HIGHS_LOWER_LOWS,99.72
2022-07-13,15966.650390625,ACCUMULATION,0.67,medium,-0.372,LOWER_HIGHS_LOWER_LOWS,99.97
2022-07-18,16278.5,ACCUMULATION,0.67,medium,-0.345,LOWER_HIGHS_LOWER_LOWS,100.0
2022-07-21,16605.25,ACCUMULATION,0.67,medium,-0.309,LOWER_HIGHS_LOWER_LOWS,100.0
2022-07-26,16483.849609375,ACCUMULATION,0.67,medium,-0.314,LOWER_HIGHS_LOWER_LOWS,100.0
2022-07-29,17158.25,ACCUMULATION,0.67,low,-0.24,LOWER_HIGHS_LOWER_LOWS,100.0
2022-08-03,17388.150390625,ACCUMULATION,0.67,low,-0.208,LOWER_HIGHS_LOWER_LOWS,100.0
2022-08-08,17525.099609375,ACCUMULATION,0.67,low,-0.186,LOWER_HIGHS_LOWER_LOWS,100.0
2022-08-12,17698.150390625,EXPANSION,0.33,low,-0.161,LOWER_HIGHS_LOWER_LOWS,100.0
2022-08-18,17956.5,EXPANSION,0.33,low,-0.127,LOWER_HIGHS_LOWER_LOWS,100.0
2022-08-23,17577.5,DISTRIBUTION,0.67,low,-0.573,LOWER_HIGHS_LOWER_LOWS,25.0
2022-08-26,17558.900390625,DISTRIBUTION,0.67,medium,-0.636,LOWER_HIGHS_LOWER_LOWS,3.12
2022-09-01,17542.80078125,DISTRIBUTION,0.33,low,-0.213,EXPANDING_RANGE_VOLATILE,0.39
2022-09-06,17655.599609375,DISTRIBUTION,0.33,low,-0.119,EXPANDING_RANGE_VOLATILE,0.05
2022-09-09,17833.349609375,DISTRIBUTION,0.67,low,0.274,HIGHER_HIGHS_HIGHER_LOWS,2.16
2022-09-14,18003.75,EXPANSION,1.0,low,0.71,HIGHER_HIGHS_HIGHER_LOWS,78.48
2022-09-19,17622.25,EXPANSION,1.0,low,0.575,HIGHER_HIGHS_HIGHER_LOWS,46.62
2022-09-22,17629.80078125,DISTRIBUTION,0.67,medium,0.122,HIGHER_HIGHS_HIGHER_LOWS,8.23
2022-09-27,17007.400390625,DISTRIBUTION,0.67,medium,0.044,HIGHER_HIGHS_HIGHER_LOWS,1.03
2022-09-30,17094.349609375,DISTRIBUTION,0.67,low,0.195,HIGHER_HIGHS_HIGHER_LOWS,0.13
2022-10-06,17331.80078125,DISTRIBUTION,0.33,low,-0.089,EXPANDING_RANGE_VOLATILE,0.02
2022-10-11,16983.55078125,DISTRIBUTION,0.33,low,-0.117,EXPANDING_RANGE_VOLATILE,0.0
2022-10-14,17185.69921875,DISTRIBUTION,0.33,low,-0.098,EXPANDING_RANGE_VOLATILE,0.0
2022-10-19,17512.25,EXPANSION,1.0,low,0.392,EXPANDING_RANGE_VOLATILE,87.5
2022-10-24,17730.75,EXPANSION,1.0,low,0.45,EXPANDING_RANGE_VOLATILE,98.44
2022-10-28,17786.80078125,EXPANSION,1.0,low,0.334,EXPANDING_RANGE_VOLATILE,99.8
2022-11-02,18082.849609375,EXPANSION,1.0,low,0.329,EXPANDING_RANGE_VOLATILE,99.98
2022-11-07,18202.80078125,EXPANSION,1.0,low,0.34,EXPANDING_RANGE_VOLATILE,100.0
2022-11-11,18349.69921875,EXPANSION,1.0,low,0.358,EXPANDING_RANGE_VOLATILE,100.0
2022-11-16,18409.650390625,EXPANSION,1.0,low,0.366,EXPANDING_RANGE_VOLATILE,100.0
2022-11-21,18159.94921875,DISTRIBUTION,0.67,medium,0.008,EXPANDING_RANGE_VOLATILE,50.0
2022-11-24,18484.099609375,DISTRIBUTION,0.33,medium,-0.022,EXPANDING_RANGE_VOLATILE,31.25
2022-11-29,18618.05078125,EXPANSION,1.0,low,0.493,EXPANDING_RANGE_VOLATILE,82.03
2022-12-02,18696.099609375,EXPANSION,1.0,low,0.553,EXPANDING_RANGE_VOLATILE,96.97
2022-12-07,18560.5,DISTRIBUTION,0.67,medium,0.043,EXPANDING_RANGE_VOLATILE,47.41
2022-12-12,18497.150390625,DISTRIBUTION,0.33,high,-0.096,EXPANDING_RANGE_VOLATILE,5.93
2022-12-15,18414.900390625,DISTRIBUTION,0.33,high,-0.103,EXPANDING_RANGE_VOLATILE,0.74
2022-12-20,18385.30078125,DISTRIBUTION,0.67,medium,0.027,EXPANDING_RANGE_VOLATILE,0.09
2022-12-23,17806.80078125,DISTRIBUTION,0.33,medium,-0.012,EXPANDING_RANGE_VOLATILE,0.01
2022-12-28,18122.5,DISTRIBUTION,0.67,medium,0.02,EXPANDING_RANGE_VOLATILE,0.0
2023-01-02,18197.44921875,DISTRIBUTION,0.67,medium,0.026,EXPANDING_RANGE_VOLATILE,0.0
2023-01-05,17992.150390625,DISTRIBUTION,0.67,medium,0.006,EXPANDING_RANGE_VOLATILE,0.0
2023-01-10,17914.150390625,DISTRIBUTION,0.33,medium,-0.003,EXPANDING_RANGE_VOLATILE,0.0
2023-01-13,17956.599609375,DISTRIBUTION,0.33,medium,-0.003,EXPANDING_RANGE_VOLATILE,0.0
2023-01-18,18165.349609375,EXPANSION,1.0,low,0.348,EXPANDING_RANGE_VOLATILE,50.0
2023-01-23,18118.55078125,EXPANSION,1.0,low,0.488,EXPANDING_RANGE_VOLATILE,93.75
2023-01-27,17604.349609375,DISTRIBUTION,0.33,low,-0.047,EXPANDING_RANGE_VOLATILE,49.22
2023-02-01,17616.30078125,DISTRIBUTION,0.33,medium,-0.182,EXPANDING_RANGE_VOLATILE,9.28
2023-02-06,17764.599609375,DISTRIBUTION,0.33,high,-0.199,EXPANDING_RANGE_VOLATILE,1.85
2023-02-09,17893.44921875,EXPANSION,1.0,low,0.321,EXPANDING_RANGE_VOLATILE,56.06
2023-02-14,17929.849609375,EXPANSION,1.0,low,0.446,EXPANDING_RANGE_VOLATILE,94.51
2023-02-17,17944.19921875,EXPANSION,1.0,low,0.765,HIGHER_HIGHS_HIGHER_LOWS,99.31
2023-02-22,17554.30078125,EXPANSION,1.0,low,0.479,HIGHER_HIGHS_HIGHER_LOWS,88.07
2023-02-27,17392.69921875,DISTRIBUTION,0.33,medium,-0.228,CONTRACTING_RANGE,15.4
2023-03-02,17321.900390625,DISTRIBUTION,0.33,medium,-0.289,CONTRACTING_RANGE,1.92
2023-03-08,17754.400390625,DISTRIBUTION,0.33,low,-0.03,CONTRACTING_RANGE,11.49
2023-03-13,17154.30078125,EXPANSION,1.0,low,0.198,CONTRACTING_RANGE,56.97
2023-03-16,16985.599609375,CONTRACTION,0.67,low,-0.283,CONTRACTING_RANGE,12.26
2023-03-21,17107.5,CONTRACTION,0.67,low,-0.34,CONTRACTING_RANGE,1.53
2023-03-24,16945.05078125,CONTRACTION,0.67,low,-0.24,CONTRACTING_RANGE,0.19
2023-03-29,17080.69921875,ACCUMULATION,0.67,low,0.138,CONTRACTING_RANGE,50.02
2023-04-05,17557.05078125,EXPANSION,0.33,low,-0.012,LOWER_HIGHS_LOWER_LOWS,93.75
2023-04-11,17722.30078125,EXPANSION,0.67,low,0.007,LOWER_HIGHS_LOWER_LOWS,99.22
2023-04-17,17706.849609375,EXPANSION,0.33,low,-0.139,LOWER_HIGHS_LOWER_LOWS,99.9
2023-04-20,17624.44921875,ACCUMULATION,0.67,low,-0.17,LOWER_HIGHS_LOWER_LOWS,99.99
2023-04-25,17769.25,EXPANSION,0.33,low,-0.164,LOWER_HIGHS_LOWER_LOWS,100.0
2023-04-28,18065.0,EXPANSION,0.33,low,-0.142,LOWER_HIGHS_LOWER_LOWS,100.0
2023-05-04,18255.80078125,EXPANSION,0.33,low,-0.128,LOWER_HIGHS_LOWER_LOWS,100.0
2023-05-09,18265.94921875,EXPANSION,0.33,low,-0.132,LOWER_HIGHS_LOWER_LOWS,100.0
2023-05-12,18314.80078125,EXPANSION,0.33,low,-0.13,LOWER_HIGHS_LOWER_LOWS,100.0
2023-05-17,18181.75,DISTRIBUTION,0.67,low,-0.475,LOWER_HIGHS_LOWER_LOWS,50.0
2023-05-22,18314.400390625,DISTRIBUTION,0.67,low,-0.538,LOWER_HIGHS_LOWER_LOWS,27.57
2023-05-25,18321.150390625,EXPANSION,0.33,low,-0.028,LOWER_HIGHS_LOWER_LOWS,80.19
2023-05-30,18633.849609375,EXPANSION,0.67,low,0.06,LOWER_HIGHS_LOWER_LOWS,96.63
2023-06-02,18534.099609375,EXPANSION,0.33,low,-0.025,LOWER_HIGHS_LOWER_LOWS,99.58
2023-06-07,18726.400390625,EXPANSION,0.33,low,-0.064,LOWER_HIGHS_LOWER_LOWS,99.95
2023-06-12,18601.5,DISTRIBUTION,0.67,medium,-0.497,LOWER_HIGHS_LOWER_LOWS,24.99
2023-06-15,18688.099609375,DISTRIBUTION,0.67,low,-0.387,LOWER_HIGHS_LOWER_LOWS,53.87
2023-06-20,18816.69921875,EXPANSION,0.67,low,0.074,LOWER_HIGHS_LOWER_LOWS,87.56
2023-06-23,18665.5,DISTRIBUTION,0.67,medium,-0.457,LOWER_HIGHS_LOWER_LOWS,31.75
2023-06-28,18972.099609375,DISTRIBUTION,0.67,medium,-0.502,LOWER_HIGHS_LOWER_LOWS,8.71
2023-07-04,19389.0,EXPANSION,0.67,low,0.085,LOWER_HIGHS_LOWER_LOWS,71.82
2023-07-07,19331.80078125,EXPANSION,0.67,low,0.165,LOWER_HIGHS_LOWER_LOWS,95.8
2023-07-12,19384.30078125,EXPANSION,0.67,low,0.126,LOWER_HIGHS_LOWER_LOWS,99.48
2023-07-17,19711.44921875,EXPANSION,0.67,low,0.065,LOWER_HIGHS_LOWER_LOWS,99.93
2023-07-20,19979.150390625,EXPANSION,0.67,low,0.078,LOWER_HIGHS_LOWER_LOWS,99.99
2023-07-25,19680.599609375,DISTRIBUTION,0.67,high,-0.368,LOWER_HIGHS_LOWER_LOWS,25.0
2023-07-28,19646.05078125,DISTRIBUTION,0.67,high,-0.443,LOWER_HIGHS_LOWER_LOWS,3.12
2023-08-02,19526.55078125,DISTRIBUTION,0.67,medium,-0.377,LOWER_HIGHS_LOWER_LOWS,0.39
2023-08-07,19597.30078125,DISTRIBUTION,0.67,medium,-0.302,LOWER_HIGHS_LOWER_LOWS,0.05
2023-08-10,19543.099609375,DISTRIBUTION,0.67,medium,-0.299,LOWER_HIGHS_LOWER_LOWS,0.01
2023-08-16,19465.0,DISTRIBUTION,0.67,medium,-0.305,LOWER_HIGHS_LOWER_LOWS,0.0
2023-08-21,19393.599609375,DISTRIBUTION,0.67,medium,-0.312,LOWER_HIGHS_LOWER_LOWS,0.0
2023-08-24,19386.69921875,DISTRIBUTION,0.67,medium,-0.312,LOWER_HIGHS_LOWER_LOWS,0.0
2023-08-29,19342.650390625,DISTRIBUTION,0.67,medium,-0.316,LOWER_HIGHS_LOWER_LOWS,0.0
2023-09-01,19435.30078125,DISTRIBUTION,0.67,medium,-0.308,LOWER_HIGHS_LOWER_LOWS,0.0
2023-09-06,19611.05078125,EXPANSION,0.67,low,0.167,LOWER_HIGHS_LOWER_LOWS,87.5
2023-09-11,19996.349609375,EXPANSION,0.67,low,0.239,LOWER_HIGHS_LOWER_LOWS,98.44
2023-09-14,20103.099609375,EXPANSION,0.67,low,0.126,LOWER_HIGHS_LOWER_LOWS,99.8
2023-09-20,19901.400390625,EXPANSION,0.67,low,0.07,LOWER_HIGHS_LOWER_LOWS,99.78
2023-09-25,19674.55078125,DISTRIBUTION,0.67,medium,-0.315,LOWER_HIGHS_LOWER_LOWS,41.88
2023-09-28,19523.55078125,DISTRIBUTION,0.67,high,-0.454,LOWER_HIGHS_LOWER_LOWS,5.24
2023-10-04,19436.099609375,DISTRIBUTION,0.33,high,-0.117,EXPANDING_RANGE_VOLATILE,0.65
2023-10-09,19512.349609375,DISTRIBUTION,0.67,medium,0.003,EXPANDING_RANGE_VOLATILE,0.08
2023-10-12,19794.0,EXPANSION,1.0,low,0.295,EXPANDING_RANGE_VOLATILE,26.25
2023-10-17,19811.5,EXPANSION,1.0,low,0.508,EXPANDING_RANGE_VOLATILE,90.78
2023-10-20,19542.650390625,DISTRIBUTION,0.33,medium,-0.039,EXPANDING_RANGE_VOLATILE,35.19
2023-10-26,18857.25,DISTRIBUTION,0.33,medium,-0.205,EXPANDING_RANGE_VOLATILE,5.34
2023-10-31,19079.599609375,DISTRIBUTION,0.33,medium,-0.176,EXPANDING_RANGE_VOLATILE,0.67
2023-11-03,19230.599609375,DISTRIBUTION,0.33,medium,-0.049,EXPANDING_RANGE_VOLATILE,0.08
2023-11-08,19443.5,EXPANSION,1.0,low,0.442,EXPANDING_RANGE_VOLATILE,87.51
2023-11-13,19443.55078125,EXPANSION,1.0,low,0.475,EXPANDING_RANGE_VOLATILE,98.44
2023-11-17,19731.80078125,EXPANSION,1.0,low,0.709,HIGHER_HIGHS_HIGHER_LOWS,99.8
2023-11-22,19811.849609375,EXPANSION,1.0,low,0.677,HIGHER_HIGHS_HIGHER_LOWS,99.98
2023-11-28,19889.69921875,EXPANSION,1.0,low,0.672,HIGHER_HIGHS_HIGHER_LOWS,100.0
2023-12-01,20267.900390625,EXPANSION,1.0,low,0.699,HIGHER_HIGHS_HIGHER_LOWS,100.0
2023-12-06,20937.69921875,EXPANSION,1.0,low,0.755,HIGHER_HIGHS_HIGHER_LOWS,100.0
2023-12-11,20997.099609375,EXPANSION,1.0,low,0.758,HIGHER_HIGHS_HIGHER_LOWS,100.0
2023-12-14,21182.69921875,EXPANSION,1.0,low,0.773,HIGHER_HIGHS_HIGHER_LOWS,100.0
2023-12-19,21453.099609375,EXPANSION,1.0,low,0.796,HIGHER_HIGHS_HIGHER_LOWS,100.0
2023-12-22,21349.400390625,EXPANSION,1.0,low,0.784,HIGHER_HIGHS_HIGHER_LOWS,100.0
2023-12-28,21778.69921875,EXPANSION,1.0,low,0.819,HIGHER_HIGHS_HIGHER_LOWS,100.0
2024-01-02,21665.80078125,EXPANSION,1.0,low,0.808,HIGHER_HIGHS_HIGHER_LOWS,100.0
2024-01-05,21710.80078125,DISTRIBUTION,0.67,high,0.353,HIGHER_HIGHS_HIGHER_LOWS,12.5
2024-01-10,21618.69921875,DISTRIBUTION,0.67,high,0.309,HIGHER_HIGHS_HIGHER_LOWS,1.56
2024-01-15,22097.44921875,DISTRIBUTION,0.67,high,0.532,HIGHER_HIGHS_HIGHER_LOWS,7.39
2024-01-18,21462.25,DISTRIBUTION,0.67,medium,0.532,HIGHER_HIGHS_HIGHER_LOWS,8.01
2024-01-24,21453.94921875,DISTRIBUTION,0.67,high,0.326,HIGHER_HIGHS_HIGHER_LOWS,1.0
2024-01-30,21522.099609375,DISTRIBUTION,0.67,high,0.434,HIGHER_HIGHS_HIGHER_LOWS,0.13
2024-02-02,21853.80078125,DISTRIBUTION,0.67,high,0.484,HIGHER_HIGHS_HIGHER_LOWS,0.02
2024-02-07,21930.5,EXPANSION,1.0,low,0.789,HIGHER_HIGHS_HIGHER_LOWS,39.1
2024-02-12,21616.05078125,EXPANSION,1.0,low,0.692,HIGHER_HIGHS_HIGHER_LOWS,22.83
2024-02-15,21910.75,DISTRIBUTION,0.67,high,0.332,HIGHER_HIGHS_HIGHER_LOWS,4.19
2024-02-20,22196.94921875,EXPANSION,1.0,low,0.96,HIGHER_HIGHS_HIGHER_LOWS,88.02
2024-02-23,22212.69921875,EXPANSION,1.0,low,0.995,HIGHER_HIGHS_HIGHER_LOWS,98.5
2024-02-28,21951.150390625,EXPANSION,1.0,low,0.682,HIGHER_HIGHS_HIGHER_LOWS,83.7
2024-03-04,22405.599609375,DISTRIBUTION,0.67,high,0.449,HIGHER_HIGHS_HIGHER_LOWS,34.67
2024-03-07,22493.55078125,EXPANSION,1.0,low,0.901,HIGHER_HIGHS_HIGHER_LOWS,78.55
2024-03-13,21997.69921875,EXPANSION,1.0,low,0.78,HIGHER_HIGHS_HIGHER_LOWS,58.06
2024-03-18,22055.69921875,DISTRIBUTION,0.67,high,0.31,HIGHER_HIGHS_HIGHER_LOWS,7.26
2024-03-21,22011.94921875,DISTRIBUTION,0.67,high,0.278,HIGHER_HIGHS_HIGHER_LOWS,0.91
2024-03-27,22123.650390625,DISTRIBUTION,0.67,high,0.42,HIGHER_HIGHS_HIGHER_LOWS,0.11
2024-04-02,22453.30078125,EXPANSION,1.0,low,0.86,HIGHER_HIGHS_HIGHER_LOWS,69.17
2024-04-05,22513.69921875,EXPANSION,1.0,low,0.949,HIGHER_HIGHS_HIGHER_LOWS,96.15
2024-04-10,22753.80078125,EXPANSION,1.0,low,0.909,HIGHER_HIGHS_HIGHER_LOWS,99.52
2024-04-16,22147.900390625,DISTRIBUTION,0.67,medium,0.487,HIGHER_HIGHS_HIGHER_LOWS,69.6
2024-04-22,22336.400390625,DISTRIBUTION,0.67,high,0.292,HIGHER_HIGHS_HIGHER_LOWS,8.7
2024-04-25,22570.349609375,DISTRIBUTION,0.67,high,0.283,HIGHER_HIGHS_HIGHER_LOWS,2.18
2024-04-30,22604.849609375,DISTRIBUTION,0.67,medium,0.574,HIGHER_HIGHS_HIGHER_LOWS,16.21
2024-05-06,22442.69921875,EXPANSION,1.0,low,0.86,HIGHER_HIGHS_HIGHER_LOWS,81.0
2024-05-09,21957.5,DISTRIBUTION,0.67,high,0.285,HIGHER_HIGHS_HIGHER_LOWS,22.43
2024-05-14,22217.849609375,DISTRIBUTION,0.67,high,0.234,HIGHER_HIGHS_HIGHER_LOWS,2.8
2024-05-17,22466.099609375,DISTRIBUTION,0.67,medium,0.366,HIGHER_HIGHS_HIGHER_LOWS,3.43
2024-05-23,22967.650390625,EXPANSION,1.0,low,0.872,HIGHER_HIGHS_HIGHER_LOWS,79.44
2024-05-28,22888.150390625,EXPANSION,1.0,low,0.919,HIGHER_HIGHS_HIGHER_LOWS,97.43
2024-05-31,22530.69921875,EXPANSION,1.0,low,0.731,HIGHER_HIGHS_HIGHER_LOWS,93.52
2024-06-05,22620.349609375,DISTRIBUTION,0.67,medium,0.035,EXPANDING_RANGE_VOLATILE,41.67
2024-06-10,23259.19921875,DISTRIBUTION,0.67,medium,0.11,EXPANDING_RANGE_VOLATILE,49.96
2024-06-13,23398.900390625,EXPANSION,1.0,low,0.59,EXPANDING_RANGE_VOLATILE,92.24
2024-06-19,23516.0,EXPANSION,1.0,low,0.616,EXPANDING_RANGE_VOLATILE,99.03
2024-06-24,23537.849609375,EXPANSION,1.0,low,0.473,EXPANDING_RANGE_VOLATILE,99.88
2024-06-27,24044.5,EXPANSION,1.0,low,0.486,EXPANDING_RANGE_VOLATILE,99.98
2024-07-02,24123.849609375,EXPANSION,1.0,low,0.486,EXPANDING_RANGE_VOLATILE,100.0
2024-07-05,24323.849609375,EXPANSION,1.0,low,0.499,EXPANDING_RANGE_VOLATILE,100.0
2024-07-10,24324.44921875,EXPANSION,1.0,low,0.496,EXPANDING_RANGE_VOLATILE,100.0
2024-07-15,24586.69921875,EXPANSION,1.0,low,0.5,EXPANDING_RANGE_VOLATILE,100.0
2024-07-19,24530.900390625,DISTRIBUTION,0.67,high,0.167,EXPANDING_RANGE_VOLATILE,50.0
2024-07-24,24413.5,DISTRIBUTION,0.67,high,0.018,EXPANDING_RANGE_VOLATILE,6.25
2024-07-29,24836.099609375,DISTRIBUTION,0.67,high,0.029,EXPANDING_RANGE_VOLATILE,2.89
2024-08-01,25010.900390625,EXPANSION,1.0,low,0.438,EXPANDING_RANGE_VOLATILE,31.28
2024-08-06,23992.55078125,DISTRIBUTION,0.67,medium,0.181,EXPANDING_RANGE_VOLATILE,10.73
2024-08-09,24367.5,DISTRIBUTION,0.33,high,-0.015,EXPANDING_RANGE_VOLATILE,1.34
2024-08-14,24143.75,DISTRIBUTION,0.67,high,0.092,EXPANDING_RANGE_VOLATILE,0.17
2024-08-20,24698.849609375,DISTRIBUTION,0.67,high,0.189,EXPANDING_RANGE_VOLATILE,2.86
2024-08-23,24823.150390625,EXPANSION,1.0,low,0.937,HIGHER_HIGHS_HIGHER_LOWS,81.02
2024-08-28,25052.349609375,EXPANSION,1.0,low,0.992,HIGHER_HIGHS_HIGHER_LOWS,97.63
2024-09-02,25278.69921875,EXPANSION,1.0,low,0.894,HIGHER_HIGHS_HIGHER_LOWS,99.7
2024-09-05,25145.099609375,EXPANSION,1.0,low,0.836,HIGHER_HIGHS_HIGHER_LOWS,99.43
2024-09-10,25041.099609375,DISTRIBUTION,0.67,high,0.393,HIGHER_HIGHS_HIGHER_LOWS,22.24
2024-09-13,25356.5,DISTRIBUTION,0.67,high,0.353,HIGHER_HIGHS_HIGHER_LOWS,5.94
2024-09-18,25377.55078125,EXPANSION,1.0,low,0.679,HIGHER_HIGHS_HIGHER_LOWS,25.97
2024-09-23,25939.05078125,EXPANSION,1.0,low,0.956,HIGHER_HIGHS_HIGHER_LOWS,86.92
2024-09-26,26216.05078125,EXPANSION,1.0,low,0.995,HIGHER_HIGHS_HIGHER_LOWS,98.37
2024-10-01,25796.900390625,EXPANSION,1.0,low,0.824,HIGHER_HIGHS_HIGHER_LOWS,94.71
2024-10-07,24795.75,DISTRIBUTION,0.67,high,0.313,HIGHER_HIGHS_HIGHER_LOWS,16.86
2024-10-10,24998.44921875,DISTRIBUTION,0.67,high,0.27,HIGHER_HIGHS_HIGHER_LOWS,2.11
2024-10-15,25057.349609375,DISTRIBUTION,0.67,high,0.372,HIGHER_HIGHS_HIGHER_LOWS,0.26
2024-10-18,24854.05078125,DISTRIBUTION,0.67,medium,0.4,HIGHER_HIGHS_HIGHER_LOWS,0.03
2024-10-23,24435.5,DISTRIBUTION,0.67,medium,0.37,HIGHER_HIGHS_HIGHER_LOWS,0.0
2024-10-28,24339.150390625,DISTRIBUTION,0.67,medium,0.358,HIGHER_HIGHS_HIGHER_LOWS,0.0
2024-10-31,24205.349609375,DISTRIBUTION,0.67,medium,0.341,HIGHER_HIGHS_HIGHER_LOWS,0.0
2024-11-05,24213.30078125,DISTRIBUTION,0.67,medium,0.333,HIGHER_HIGHS_HIGHER_LOWS,0.0
2024-11-08,24148.19921875,EXPANSION,1.0,low,0.612,HIGHER_HIGHS_HIGHER_LOWS,37.5
2024-11-13,23559.05078125,DISTRIBUTION,0.67,medium,0.132,HIGHER_HIGHS_HIGHER_LOWS,9.37
2024-11-19,23518.5,DISTRIBUTION,0.67,medium,0.104,HIGHER_HIGHS_HIGHER_LOWS,1.75
2024-11-25,24221.900390625,EXPANSION,1.0,low,0.377,EXPANDING_RANGE_VOLATILE,75.22
2024-11-28,23914.150390625,EXPANSION,1.0,low,0.417,EXPANDING_RANGE_VOLATILE,96.9
2024-12-03,24457.150390625,EXPANSION,1.0,low,0.368,EXPANDING_RANGE_VOLATILE,99.61
2024-12-06,24677.80078125,EXPANSION,1.0,low,0.303,EXPANDING_RANGE_VOLATILE,99.95
2024-12-11,24641.80078125,EXPANSION,1.0,low,0.28,EXPANDING_RANGE_VOLATILE,99.99
2024-12-16,24668.25,EXPANSION,1.0,low,0.271,EXPANDING_RANGE_VOLATILE,100.0
2024-12-19,23951.69921875,DISTRIBUTION,0.33,medium,-0.212,EXPANDING_RANGE_VOLATILE,22.51
2024-12-24,23727.650390625,DISTRIBUTION,0.67,medium,-0.636,LOWER_HIGHS_LOWER_LOWS,2.81
2024-12-30,23644.900390625,DISTRIBUTION,0.67,low,-0.564,LOWER_HIGHS_LOWER_LOWS,0.35
2025-01-02,24188.650390625,DISTRIBUTION,0.67,low,-0.439,LOWER_HIGHS_LOWER_LOWS,3.21
2025-01-07,23707.900390625,ACCUMULATION,0.67,low,-0.213,LOWER_HIGHS_LOWER_LOWS,36.58
2025-01-10,23431.5,CONTRACTION,1.0,low,-0.49,LOWER_HIGHS_LOWER_LOWS,12.08
2025-01-15,23213.19921875,CONTRACTION,1.0,low,-0.711,LOWER_HIGHS_LOWER_LOWS,1.51
2025-01-20,23344.75,CONTRACTION,1.0,low,-0.585,LOWER_HIGHS_LOWER_LOWS,0.19
2025-01-23,23205.349609375,CONTRACTION,1.0,low,-0.567,LOWER_HIGHS_LOWER_LOWS,0.02
2025-01-28,22957.25,CONTRACTION,1.0,low,-0.583,LOWER_HIGHS_LOWER_LOWS,0.0
2025-01-31,23508.400390625,ACCUMULATION,0.67,medium,-0.088,LOWER_HIGHS_LOWER_LOWS,87.5
2025-02-04,23739.25,ACCUMULATION,0.67,medium,-0.041,LOWER_HIGHS_LOWER_LOWS,98.44
2025-02-07,23559.94921875,ACCUMULATION,0.67,low,-0.18,LOWER_HIGHS_LOWER_LOWS,99.8
2025-02-12,23045.25,ACCUMULATION,0.67,low,-0.337,LOWER_HIGHS_LOWER_LOWS,91.99
2025-02-17,22959.5,CONTRACTION,1.0,low,-0.718,LOWER_HIGHS_LOWER_LOWS,17.18
2025-02-20,22913.150390625,CONTRACTION,1.0,low,-0.78,LOWER_HIGHS_LOWER_LOWS,2.15
2025-02-25,22547.55078125,CONTRACTION,1.0,low,-0.709,LOWER_HIGHS_LOWER_LOWS,0.27
2025-03-03,22119.30078125,CONTRACTION,1.0,low,-0.698,LOWER_HIGHS_LOWER_LOWS,0.03
2025-03-06,22544.69921875,CONTRACTION,1.0,low,-0.523,LOWER_HIGHS_LOWER_LOWS,14.53
2025-03-11,22497.900390625,ACCUMULATION,0.67,high,-0.211,LOWER_HIGHS_LOWER_LOWS,89.32
2025-03-17,22508.75,ACCUMULATION,0.67,high,-0.184,LOWER_HIGHS_LOWER_LOWS,98.66
2025-03-20,23190.650390625,ACCUMULATION,0.67,medium,-0.268,LOWER_HIGHS_LOWER_LOWS,99.83
2025-03-25,23668.650390625,ACCUMULATION,0.67,low,-0.266,LOWER_HIGHS_LOWER_LOWS,99.98
2025-03-28,23519.349609375,ACCUMULATION,0.67,low,-0.28,LOWER_HIGHS_LOWER_LOWS,100.0
2025-04-03,23250.099609375,ACCUMULATION,0.67,low,-0.298,LOWER_HIGHS_LOWER_LOWS,100.0
2025-04-08,22535.849609375,CONTRACTION,0.67,low,-0.469,EXPANDING_RANGE_VOLATILE,13.72
2025-04-15,23328.55078125,CONTRACTION,0.67,low,-0.443,EXPANDING_RANGE_VOLATILE,4.77
2025-04-21,24125.55078125,ACCUMULATION,0.67,low,0.133,EXPANDING_RANGE_VOLATILE,60.5
2025-04-24,24246.69921875,ACCUMULATION,0.67,medium,0.256,EXPANDING_RANGE_VOLATILE,94.17
2025-04-29,24335.94921875,ACCUMULATION,0.67,medium,0.267,EXPANDING_RANGE_VOLATILE,99.27
2025-05-05,24461.150390625,ACCUMULATION,0.67,low,0.151,EXPANDING_RANGE_VOLATILE,99.91
2025-05-08,24273.80078125,ACCUMULATION,0.67,low,0.128,EXPANDING_RANGE_VOLATILE,99.99
2025-05-13,24578.349609375,CONTRACTION,0.67,low,-0.138,EXPANDING_RANGE_VOLATILE,62.57
2025-05-16,25019.80078125,EXPANSION,1.0,low,0.329,EXPANDING_RANGE_VOLATILE,90.75
2025-05-21,24813.44921875,EXPANSION,1.0,low,0.283,EXPANDING_RANGE_VOLATILE,92.7
2025-05-26,25001.150390625,DISTRIBUTION,0.33,low,-0.164,EXPANDING_RANGE_VOLATILE,36.86
2025-05-29,24833.599609375,DISTRIBUTION,0.33,medium,-0.262,EXPANDING_RANGE_VOLATILE,8.43
2025-06-03,24542.5,DISTRIBUTION,0.33,medium,-0.299,EXPANDING_RANGE_VOLATILE,1.05
2025-06-06,25003.05078125,DISTRIBUTION,0.33,low,-0.119,EXPANDING_RANGE_VOLATILE,0.77
2025-06-11,25141.400390625,EXPANSION,1.0,low,0.126,EXPANDING_RANGE_VOLATILE,21.29
2025-06-16,24946.5,EXPANSION,1.0,low,0.15,EXPANDING_RANGE_VOLATILE,26.5
2025-06-19,24793.25,DISTRIBUTION,0.33,medium,-0.249,EXPANDING_RANGE_VOLATILE,3.59
2025-06-24,25044.349609375,DISTRIBUTION,0.33,medium,-0.146,EXPANDING_RANGE_VOLATILE,1.43
2025-06-27,25637.80078125,EXPANSION,1.0,low,0.411,EXPANDING_RANGE_VOLATILE,77.86
2025-07-02,25453.400390625,EXPANSION,1.0,low,0.467,EXPANDING_RANGE_VOLATILE,97.23
2025-07-07,25461.30078125,EXPANSION,1.0,low,0.38,EXPANDING_RANGE_VOLATILE,99.1
2025-07-10,25355.25,DISTRIBUTION,0.33,medium,-0.031,EXPANDING_RANGE_VOLATILE,47.01
2025-07-15,25195.80078125,DISTRIBUTION,0.33,high,-0.174,EXPANDING_RANGE_VOLATILE,5.88
2025-07-18,24968.400390625,DISTRIBUTION,0.33,medium,-0.186,EXPANDING_RANGE_VOLATILE,0.73
2025-07-23,25219.900390625,DISTRIBUTION,0.33,medium,-0.035,EXPANDING_RANGE_VOLATILE,0.09
2025-07-28,24680.900390625,DISTRIBUTION,0.33,low,-0.057,EXPANDING_RANGE_VOLATILE,0.01
2025-07-31,24768.349609375,DISTRIBUTION,0.33,low,-0.048,EXPANDING_RANGE_VOLATILE,0.0
2025-08-05,24649.55078125,DISTRIBUTION,0.33,low,-0.056,EXPANDING_RANGE_VOLATILE,0.0
2025-08-08,24363.30078125,DISTRIBUTION,0.33,low,-0.076,EXPANDING_RANGE_VOLATILE,0.0
2025-08-13,24619.349609375,DISTRIBUTION,0.33,low,-0.059,EXPANDING_RANGE_VOLATILE,0.0
2025-08-19,24980.650390625,EXPANSION,1.0,low,0.381,EXPANDING_RANGE_VOLATILE,75.0
2025-08-22,24870.099609375,EXPANSION,1.0,low,0.445,EXPANDING_RANGE_VOLATILE,96.88
2025-08-28,24500.900390625,EXPANSION,1.0,low,0.254,EXPANDING_RANGE_VOLATILE,90.93
2025-09-02,24579.599609375,DISTRIBUTION,0.33,medium,-0.151,EXPANDING_RANGE_VOLATILE,25.35
2025-09-05,24741.0,DISTRIBUTION,0.33,medium,-0.217,EXPANDING_RANGE_VOLATILE,3.54
2025-09-10,24973.099609375,EXPANSION,1.0,low,0.246,EXPANDING_RANGE_VOLATILE,39.05
2025-09-15,25069.19921875,EXPANSION,1.0,low,0.426,EXPANDING_RANGE_VOLATILE,92.38
2025-09-18,25423.599609375,EXPANSION,1.0,low,0.803,HIGHER_HIGHS_HIGHER_LOWS,99.05
2025-09-23,25169.5,EXPANSION,1.0,low,0.644,HIGHER_HIGHS_HIGHER_LOWS,99.88
2025-09-26,24654.69921875,DISTRIBUTION,0.67,low,0.203,HIGHER_HIGHS_HIGHER_LOWS,36.05
2025-10-01,24836.30078125,DISTRIBUTION,0.67,medium,0.108,HIGHER_HIGHS_HIGHER_LOWS,4.51
2025-10-07,25108.30078125,DISTRIBUTION,0.67,medium,0.201,HIGHER_HIGHS_HIGHER_LOWS,4.41
2025-10-10,25285.349609375,EXPANSION,1.0,low,0.609,HIGHER_HIGHS_HIGHER_LOWS,45.97
2025-10-15,25323.55078125,EXPANSION,1.0,low,0.767,HIGHER_HIGHS_HIGHER_LOWS,93.25
2025-10-20,25843.150390625,EXPANSION,1.0,low,0.823,HIGHER_HIGHS_HIGHER_LOWS,99.16
2025-10-24,25795.150390625,EXPANSION,1.0,low,0.679,HIGHER_HIGHS_HIGHER_LOWS,99.89
2025-10-29,26053.900390625,EXPANSION,1.0,low,0.679,HIGHER_HIGHS_HIGHER_LOWS,99.99
2025-11-03,25763.349609375,DISTRIBUTION,0.67,medium,0.275,HIGHER_HIGHS_HIGHER_LOWS,36.43
2025-11-07,25492.30078125,DISTRIBUTION,0.67,high,0.148,HIGHER_HIGHS_HIGHER_LOWS,4.55
2025-11-12,25875.80078125,DISTRIBUTION,0.67,medium,0.21,HIGHER_HIGHS_HIGHER_LOWS,0.57
2025-11-17,26013.44921875,DISTRIBUTION,0.67,low,0.472,HIGHER_HIGHS_HIGHER_LOWS,15.29
2025-11-20,26192.150390625,EXPANSION,1.0,low,0.777,HIGHER_HIGHS_HIGHER_LOWS,79.73
2025-11-25,25884.80078125,EXPANSION,1.0,low,0.796,HIGHER_HIGHS_HIGHER_LOWS,91.93
2025-11-28,26202.94921875,EXPANSION,1.0,low,0.728,HIGHER_HIGHS_HIGHER_LOWS,98.45
2025-12-03,25986.0,DISTRIBUTION,0.67,medium,0.29,HIGHER_HIGHS_HIGHER_LOWS,39.15
2025-12-08,25960.55078125,DISTRIBUTION,0.67,high,0.171,HIGHER_HIGHS_HIGHER_LOWS,4.89
2025-12-11,25898.55078125,DISTRIBUTION,0.67,medium,0.191,HIGHER_HIGHS_HIGHER_LOWS,0.61
2025-12-16,25860.099609375,DISTRIBUTION,0.67,medium,0.296,HIGHER_HIGHS_HIGHER_LOWS,0.08
2025-12-19,25966.400390625,DISTRIBUTION,0.67,medium,0.313,HIGHER_HIGHS_HIGHER_LOWS,0.01
2025-12-24,26142.099609375,EXPANSION,1.0,low,0.77,HIGHER_HIGHS_HIGHER_LOWS,84.58
2025-12-30,25938.849609375,EXPANSION,1.0,low,0.52,HIGHER_HIGHS_HIGHER_LOWS,47.25
2026-01-02,26328.55078125,DISTRIBUTION,0.67,low,0.429,HIGHER_HIGHS_HIGHER_LOWS,71.46
2026-01-07,26140.75,EXPANSION,1.0,low,0.787,HIGHER_HIGHS_HIGHER_LOWS,94.79
2026-01-12,25790.25,DISTRIBUTION,0.67,medium,0.193,HIGHER_HIGHS_HIGHER_LOWS,25.46
2026-01-16,25694.349609375,DISTRIBUTION,0.67,medium,0.108,HIGHER_HIGHS_HIGHER_LOWS,3.18
2026-01-21,25157.5,DISTRIBUTION,0.67,medium,0.143,HIGHER_HIGHS_HIGHER_LOWS,0.4
2026-01-27,25175.400390625,DISTRIBUTION,0.67,low,0.208,HIGHER_HIGHS_HIGHER_LOWS,0.05
2026-01-30,25320.650390625,DISTRIBUTION,0.67,low,0.218,HIGHER_HIGHS_HIGHER_LOWS,0.01
2026-02-04,25776.0,EXPANSION,1.0,low,0.659,HIGHER_HIGHS_HIGHER_LOWS,75.0
2026-02-09,25867.30078125,EXPANSION,1.0,low,0.734,HIGHER_HIGHS_HIGHER_LOWS,96.88
2026-02-12,25807.19921875,EXPANSION,1.0,low,0.648,HIGHER_HIGHS_HIGHER_LOWS,99.61
2026-02-17,25725.400390625,EXPANSION,1.0,low,0.557,HIGHER_HIGHS_HIGHER_LOWS,98.7
2026-02-20,25571.25,DISTRIBUTION,0.67,low,0.265,HIGHER_HIGHS_HIGHER_LOWS,65.82
2026-02-25,25482.5,DISTRIBUTION,0.67,medium,0.063,HIGHER_HIGHS_HIGHER_LOWS,8.23
2026-03-02,24865.69921875,CONTRACTION,0.67,low,-0.339,CONTRACTING_RANGE,1.03
2026-03-06,24450.44921875,CONTRACTION,0.67,low,-0.234,CONTRACTING_RANGE,0.13
2026-03-11,23866.849609375,CONTRACTION,0.67,low,-0.256,CONTRACTING_RANGE,0.02
2026-03-16,23408.80078125,CONTRACTION,0.67,low,-0.291,CONTRACTING_RANGE,0.0
2026-03-19,23002.150390625,CONTRACTION,0.67,low,-0.326,CONTRACTING_RANGE,0.0
2026-03-24,22912.400390625,CONTRACTION,0.67,low,-0.341,CONTRACTING_RANGE,0.0
2026-03-30,22331.400390625,CONTRACTION,1.0,low,-0.72,LOWER_HIGHS_LOWER_LOWS,0.0
2026-04-06,22968.25,ACCUMULATION,0.67,medium,-0.352,LOWER_HIGHS_LOWER_LOWS,50.0
2026-04-09,23775.099609375,ACCUMULATION,0.67,medium,-0.157,LOWER_HIGHS_LOWER_LOWS,93.75
2026-04-15,24231.30078125,ACCUMULATION,0.67,medium,-0.117,LOWER_HIGHS_LOWER_LOWS,99.22
2026-04-20,24364.849609375,ACCUMULATION,0.67,low,-0.249,LOWER_HIGHS_LOWER_LOWS,99.9
2026-04-23,24173.05078125,ACCUMULATION,0.67,low,-0.282,LOWER_HIGHS_LOWER_LOWS,99.99
2026-04-28,23995.69921875,ACCUMULATION,0.67,medium,-0.301,LOWER_HIGHS_LOWER_LOWS,100.0
2026-05-04,24119.30078125,ACCUMULATION,0.67,low,-0.297,LOWER_HIGHS_LOWER_LOWS,100.0
2026-05-07,24326.650390625,ACCUMULATION,0.67,low,-0.287,LOWER_HIGHS_LOWER_LOWS,100.0
2026-05-12,23379.55078125,CONTRACTION,0.67,low,-0.438,EXPANDING_RANGE_VOLATILE,25.0
2026-05-15,23643.5,CONTRACTION,0.67,low,-0.498,EXPANDING_RANGE_VOLATILE,3.12
2026-05-20,23659.0,CONTRACTION,0.67,low,-0.422,EXPANDING_RANGE_VOLATILE,0.39
2026-05-25,24031.69921875,ACCUMULATION,0.33,low,-0.137,EXPANDING_RANGE_VOLATILE,19.2
2026-05-29,23547.75,ACCUMULATION,0.67,high,0.117,EXPANDING_RANGE_VOLATILE,89.86
2026-06-03,23405.599609375,ACCUMULATION,0.33,low,-0.173,EXPANDING_RANGE_VOLATILE,57.92
2026-06-08,23123.0,CONTRACTION,0.67,low,-0.5,EXPANDING_RANGE_VOLATILE,11.78
2026-06-11,23161.599609375,CONTRACTION,0.67,low,-0.528,EXPANDING_RANGE_VOLATILE,1.47
2026-06-16,23989.150390625,ACCUMULATION,0.67,medium,0.423,HIGHER_HIGHS_HIGHER_LOWS,68.22
2026-06-19,24013.099609375,ACCUMULATION,0.67,medium,0.524,HIGHER_HIGHS_HIGHER_LOWS,96.03
2026-06-24,24021.650390625,ACCUMULATION,0.67,medium,0.473,HIGHER_HIGHS_HIGHER_LOWS,99.5
2026-06-30,23865.75,ACCUMULATION,0.67,medium,0.375,HIGHER_HIGHS_HIGHER_LOWS,99.94
2026-07-03,24270.849609375,ACCUMULATION,0.67,low,0.391,HIGHER_HIGHS_HIGHER_LOWS,99.99
2026-07-08,23882.05078125,CONTRACTION,0.33,low,0.032,HIGHER_HIGHS_HIGHER_LOWS,50.0
2026-07-13,24211.0,CONTRACTION,0.33,low,0.077,HIGHER_HIGHS_HIGHER_LOWS,56.27
2026-07-16,24072.75,ACCUMULATION,0.67,medium,0.511,HIGHER_HIGHS_HIGHER_LOWS,88.41
2026-07-21,24187.69921875,ACCUMULATION,0.67,medium,0.553,HIGHER_HIGHS_HIGHER_LOWS,98.05
2026-07-24,23767.44921875,CONTRACTION,0.67,low,-0.092,HIGHER_HIGHS_HIGHER_LOWS,12.26
2026-07-29,24250.19921875,CONTRACTION,0.67,low,-0.08,HIGHER_HIGHS_HIGHER_LOWS,5.22
2026-08-03,24774.30078125,ACCUMULATION,0.67,low,0.455,HIGHER_HIGHS_HIGHER_LOWS,53.84
2026-08-06,24636.0,ACCUMULATION,0.67,medium,0.584,HIGHER_HIGHS_HIGHER_LOWS,93.85
2026-08-11,24471.69921875,ACCUMULATION,0.67,medium,0.588,HIGHER_HIGHS_HIGHER_LOWS,99.23
2026-08-14,24366.0,CONTRACTION,0.33,low,0.241,HIGHER_HIGHS_HIGHER_LOWS,78.89
2026-08-19,24078.30078125,CONTRACTION,0.67,low,-0.048,HIGHER_HIGHS_HIGHER_LOWS,9.86
2026-08-24,24219.05078125,CONTRACTION,0.67,low,-0.061,HIGHER_HIGHS_HIGHER_LOWS,1.23
2026-08-27,24090.849609375,CONTRACTION,0.33,low,0.066,HIGHER_HIGHS_HIGHER_LOWS,0.15
2026-09-02,23914.44921875,CONTRACTION,0.33,low,0.084,HIGHER_HIGHS_HIGHER_LOWS,0.02
