date,ticker,company_name,sector,from_phase,to_phase,close,confidence
<<<<<<< HEAD
2026-10-01,ARTEMISMED.NS,ARTEMIS MED SERVICE LTD,Unknown,DISTRIBUTION,EXPANSION,336.4,0.71
2026-10-01,GKWLIMITED.NS,GKW LIMITED,Industrials,ACCUMULATION,CONTRACTION,1530.0,0.78
2026-10-01,GPPL.NS,GUJARAT PIPAVAV PORT LTD,Industrials,ACCUMULATION,EXPANSION,165.88,0.71
2026-10-01,HITECHGEAR.NS,HITECHGEAR.NS,Unknown,CONTRACTION,ACCUMULATION,601.75,0.44
=======
2026-10-01,ARTEMISMED.NS,Artemis Medicare Services Limited,Healthcare,DISTRIBUTION,EXPANSION,336.4,0.71
2026-10-01,GKWLIMITED.NS,GKW Limited,Industrials,ACCUMULATION,CONTRACTION,1530.0,0.78
2026-10-01,HITECHGEAR.NS,The Hi-Tech Gears Limited,Consumer Cyclical,CONTRACTION,ACCUMULATION,601.75,0.53
>>>>>>> fb7b8d4 (Refresh universe data with year-over-year earnings growth)
